"date","demographic_category","administered_dose1","administered_dose1_pct_known","administered_dose1_pct_us","series_complete_yes","administered_dose1_pct","series_complete_pop_pct","series_complete_pop_pct_known","series_complete_pop_pct_us"
"2021-11-04T00:00:00.000","Ages_18-29_yrs","32267714","15.8","0","27172204","65.4","55.1","15.3","0"
"2021-11-04T00:00:00.000","Race_eth_unknown","65170971","46.7","0","49927666","0","0","39.1","0"
"2021-11-04T00:00:00.000","Sex_known","202692428","0","99","176255279","0","0","0","99.2"
"2021-11-04T00:00:00.000","Race_eth_NHAsian","8250400","5.9","0","7924907","47","45.2","6.2","0"
"2021-11-04T00:00:00.000","Ages_75+_yrs","20325421","9.9","0","17705337","94.8","82.6","10","0"
"2021-11-04T00:00:00.000","Ages_25-39_yrs","43409193","21.2","0","37173196","70","59.9","20.9","0"
"2021-11-04T00:00:00.000","Ages_65-74_yrs","29823048","14.6","0","26052411","99.9","87.8","14.7","0"
"2021-11-04T00:00:00.000","Ages_50-64_yrs","50061724","24.5","0","44428436","85.3","75.7","25","0"
"2021-11-04T00:00:00.000","Sex_Female","106339664","52.5","0","92688472","69.1","60.2","52.6","0"
"2021-11-04T00:00:00.000","US","204703856","0","0","177694124","0","0","0","0"
"2021-11-04T00:00:00.000","Race_eth_Hispanic","23814774","17.1","0","21378278","45.6","40.9","16.7","0"
"2021-11-04T00:00:00.000","Sex_unknown","2011428","1","0","1438845","0","0","0.8","0"
"2021-11-04T00:00:00.000","Race_eth_NHMult_Oth","6497380","4.7","0","5764799","94.2","83.5","4.5","0"
"2021-11-04T00:00:00.000","Ages_30-39_yrs","29587215","14.5","0","25478393","73.1","62.9","14.3","0"
"2021-11-04T00:00:00.000","Ages_40-49_yrs","28927076","14.1","0","25313007","78.1","68.3","14.2","0"
"2021-11-04T00:00:00.000","Ages_16-17_yrs","4823175","2.4","0","4155659","63.8","55","2.3","0"
"2021-11-04T00:00:00.000","Age_unknown","23221","0","0","5537","0","0","0","0"
"2021-11-04T00:00:00.000","Ages_<18yrs","13688437","6.7","0","11538799","20.6","17.4","6.5","0"
"2021-11-04T00:00:00.000","Ages_18-24_yrs","18445736","9","0","15477401","66.4","55.8","8.7","0"
"2021-11-04T00:00:00.000","Race_eth_NHNHOPI","444043","0.3","0","395532","49.8","44.3","0.3","0"
"2021-11-04T00:00:00.000","Age_known","204680635","0","99","177688587","0","0","0","99"
"2021-11-04T00:00:00.000","Race_eth_known","139532885","0","68.2","127766458","0","0","0","71.9"
"2021-11-04T00:00:00.000","Race_eth_NHBlack","14666252","10.5","0","13078028","39","34.7","10.2","0"
"2021-11-04T00:00:00.000","Race_eth_NHAIAN","1365935","1","0","1169178","58.3","49.9","0.9","0"
"2021-11-04T00:00:00.000","Race_eth_NHWhite","84494101","60.6","0","78055736","45.6","42.1","61.1","0"
"2021-11-04T00:00:00.000","Ages_<12yrs","204331","0.1","0","128114","0.5","0.3","0.1","0"
"2021-11-04T00:00:00.000","Ages_12-15_yrs","8660931","4.2","0","7255026","56.9","47.7","4.1","0"
"2021-11-04T00:00:00.000","Sex_Male","96352764","47.5","0","83566807","64.6","56","47.4","0"
"2021-11-03T00:00:00.000","Ages_40-49_yrs","28889984","14.1","0","25270693","78","68.2","14.2","0"
"2021-11-03T00:00:00.000","Age_unknown","23237","0","0","5533","0","0","0","0"
"2021-11-03T00:00:00.000","Age_known","204372624","0","99","177405801","0","0","0","99"
"2021-11-03T00:00:00.000","Ages_18-29_yrs","32219980","15.8","0","27118678","65.3","54.9","15.3","0"
"2021-11-03T00:00:00.000","Race_eth_NHMult_Oth","6364197","4.6","0","5651233","92.2","81.9","4.5","0"
"2021-11-03T00:00:00.000","Ages_30-39_yrs","29543491","14.5","0","25429070","73","62.8","14.3","0"
"2021-11-03T00:00:00.000","Ages_50-64_yrs","49996421","24.5","0","44364380","85.2","75.6","25","0"
"2021-11-03T00:00:00.000","Race_eth_NHNHOPI","440703","0.3","0","392870","49.4","44.1","0.3","0"
"2021-11-03T00:00:00.000","Sex_Female","106184460","52.5","0","92542206","69","60.1","52.6","0"
"2021-11-03T00:00:00.000","Sex_unknown","2009861","1","0","1436162","0","0","0.8","0"
"2021-11-03T00:00:00.000","Race_eth_unknown","67109391","48.9","0","51471235","0","0","40.9","0"
"2021-11-03T00:00:00.000","Ages_75+_yrs","20286108","9.9","0","17683209","94.6","82.5","10","0"
"2021-11-03T00:00:00.000","Ages_<18yrs","13670889","6.7","0","11519959","20.6","17.4","6.5","0"
"2021-11-03T00:00:00.000","Ages_16-17_yrs","4818004","2.4","0","4149039","63.7","54.9","2.3","0"
"2021-11-03T00:00:00.000","Ages_18-24_yrs","18419678","9","0","15447819","66.4","55.6","8.7","0"
"2021-11-03T00:00:00.000","Ages_65-74_yrs","29765751","14.6","0","26019812","99.9","87.7","14.7","0"
"2021-11-03T00:00:00.000","Sex_known","202386000","0","99","175975172","0","0","0","99.2"
"2021-11-03T00:00:00.000","Race_eth_known","137286470","0","67.2","125940099","0","0","0","71"
"2021-11-03T00:00:00.000","Ages_<12yrs","203985","0.1","0","127989","0.5","0.3","0.1","0"
"2021-11-03T00:00:00.000","Race_eth_NHAsian","8133443","5.9","0","7846392","46.4","44.7","6.2","0"
"2021-11-03T00:00:00.000","Race_eth_Hispanic","23694300","17.3","0","21291159","45.4","40.8","16.9","0"
"2021-11-03T00:00:00.000","Race_eth_NHAIAN","1343656","1","0","1150325","57.4","49.1","0.9","0"
"2021-11-03T00:00:00.000","Sex_Male","96201540","47.5","0","83432966","64.5","56","47.4","0"
"2021-11-03T00:00:00.000","Ages_25-39_yrs","43343793","21.2","0","37099929","69.9","59.8","20.9","0"
"2021-11-03T00:00:00.000","Ages_12-15_yrs","8648900","4.2","0","7242931","56.8","47.6","4.1","0"
"2021-11-03T00:00:00.000","US","204395861","0","0","177411334","0","0","0","0"
"2021-11-03T00:00:00.000","Race_eth_NHBlack","14570329","10.6","0","13007510","38.7","34.5","10.3","0"
"2021-11-03T00:00:00.000","Race_eth_NHWhite","82739842","60.3","0","76600610","44.6","41.3","60.8","0"
"2021-11-02T00:00:00.000","Race_eth_unknown","67054290","48.9","0","51444870","0","0","40.9","0"
"2021-11-02T00:00:00.000","Sex_known","202103032","0","99","175790717","0","0","0","99.2"
"2021-11-02T00:00:00.000","Ages_75+_yrs","20249535","9.9","0","17670567","94.5","82.4","10","0"
"2021-11-02T00:00:00.000","Race_eth_NHAsian","8122044","5.9","0","7838802","46.3","44.7","6.2","0"
"2021-11-02T00:00:00.000","Race_eth_NHBlack","14542533","10.6","0","12981515","38.6","34.5","10.3","0"
"2021-11-02T00:00:00.000","Ages_25-39_yrs","43280629","21.2","0","37046852","69.8","59.7","20.9","0"
"2021-11-02T00:00:00.000","Race_eth_known","137053917","0","67.1","125780733","0","0","0","71"
"2021-11-02T00:00:00.000","Race_eth_NHMult_Oth","6354104","4.6","0","5642484","92.1","81.8","4.5","0"
"2021-11-02T00:00:00.000","Sex_Female","106032091","52.5","0","92438337","68.9","60.1","52.6","0"
"2021-11-02T00:00:00.000","Ages_18-24_yrs","18396481","9","0","15426040","66.3","55.6","8.7","0"
"2021-11-02T00:00:00.000","Ages_30-39_yrs","29501524","14.5","0","25394024","72.9","62.7","14.3","0"
"2021-11-02T00:00:00.000","Ages_65-74_yrs","29714472","14.6","0","26003293","99.9","87.7","14.7","0"
"2021-11-02T00:00:00.000","Ages_<12yrs","203922","0.1","0","127958","0.5","0.3","0.1","0"
"2021-11-02T00:00:00.000","Sex_unknown","2005175","1","0","1434886","0","0","0.8","0"
"2021-11-02T00:00:00.000","Ages_50-64_yrs","49935269","24.5","0","44329303","85.1","75.5","25","0"
"2021-11-02T00:00:00.000","Ages_18-29_yrs","32175586","15.8","0","27078868","65.2","54.9","15.3","0"
"2021-11-02T00:00:00.000","Ages_<18yrs","13655219","6.7","0","11501292","20.6","17.3","6.5","0"
"2021-11-02T00:00:00.000","Race_eth_NHNHOPI","439903","0.3","0","392138","49.3","44","0.3","0"
"2021-11-02T00:00:00.000","Ages_16-17_yrs","4813659","2.4","0","4143802","63.7","54.8","2.3","0"
"2021-11-02T00:00:00.000","Age_unknown","23206","0","0","5529","0","0","0","0"
"2021-11-02T00:00:00.000","US","204108207","0","0","177225603","0","0","0","0"
"2021-11-02T00:00:00.000","Age_known","204085001","0","99","177220074","0","0","0","99"
"2021-11-02T00:00:00.000","Ages_12-15_yrs","8637638","4.2","0","7229532","56.7","47.5","4.1","0"
"2021-11-02T00:00:00.000","Ages_40-49_yrs","28853396","14.1","0","25242727","77.9","68.1","14.2","0"
"2021-11-02T00:00:00.000","Sex_Male","96070941","47.5","0","83352380","64.4","55.9","47.4","0"
"2021-11-02T00:00:00.000","Race_eth_NHAIAN","1341605","1","0","1148911","57.3","49.1","0.9","0"
"2021-11-02T00:00:00.000","Race_eth_NHWhite","82597965","60.3","0","76520871","44.5","41.3","60.8","0"
"2021-11-02T00:00:00.000","Race_eth_Hispanic","23655763","17.3","0","21256012","45.3","40.7","16.9","0"
"2021-11-01T00:00:00.000","Race_eth_NHAsian","8112584","5.9","0","7833644","46.2","44.7","6.2","0"
"2021-11-01T00:00:00.000","Race_eth_unknown","67008425","48.9","0","51421867","0","0","40.9","0"
"2021-11-01T00:00:00.000","Ages_16-17_yrs","4810653","2.4","0","4140132","63.6","54.8","2.3","0"
"2021-11-01T00:00:00.000","Race_eth_NHWhite","82514221","60.3","0","76468190","44.5","41.2","60.8","0"
"2021-11-01T00:00:00.000","Ages_40-49_yrs","28830035","14.1","0","25224297","77.8","68.1","14.2","0"
"2021-11-01T00:00:00.000","Sex_unknown","2004474","1","0","1434442","0","0","0.8","0"
"2021-11-01T00:00:00.000","Race_eth_NHBlack","14528046","10.6","0","12968109","38.6","34.4","10.3","0"
"2021-11-01T00:00:00.000","Ages_30-39_yrs","29474640","14.5","0","25371599","72.8","62.7","14.3","0"
"2021-11-01T00:00:00.000","Ages_12-15_yrs","8629763","4.2","0","7219599","56.7","47.4","4.1","0"
"2021-11-01T00:00:00.000","Age_unknown","23192","0","0","5526","0","0","0","0"
"2021-11-01T00:00:00.000","US","203924106","0","0","177102685","0","0","0","0"
"2021-11-01T00:00:00.000","Ages_25-39_yrs","43240037","21.2","0","37012835","69.7","59.7","20.9","0"
"2021-11-01T00:00:00.000","Race_eth_Hispanic","23632045","17.3","0","21233861","45.3","40.7","16.9","0"
"2021-11-01T00:00:00.000","Race_eth_NHNHOPI","439308","0.3","0","391688","49.3","43.9","0.3","0"
"2021-11-01T00:00:00.000","Ages_18-24_yrs","18381414","9","0","15412074","66.2","55.5","8.7","0"
"2021-11-01T00:00:00.000","Age_known","203900914","0","99","177097159","0","0","0","99"
"2021-11-01T00:00:00.000","Sex_Male","95980388","47.5","0","83291919","64.4","55.9","47.4","0"
"2021-11-01T00:00:00.000","Race_eth_known","136915681","0","67.1","125680818","0","0","0","71"
"2021-11-01T00:00:00.000","Ages_<18yrs","13644269","6.7","0","11487631","20.6","17.3","6.5","0"
"2021-11-01T00:00:00.000","Ages_<12yrs","203853","0.1","0","127900","0.5","0.3","0.1","0"
"2021-11-01T00:00:00.000","Sex_Female","105939244","52.5","0","92376324","68.8","60","52.6","0"
"2021-11-01T00:00:00.000","Race_eth_NHMult_Oth","6348851","4.6","0","5637217","92","81.7","4.5","0"
"2021-11-01T00:00:00.000","Ages_50-64_yrs","49895881","24.5","0","44305105","85","75.5","25","0"
"2021-11-01T00:00:00.000","Ages_18-29_yrs","32146811","15.8","0","27053310","65.1","54.8","15.3","0"
"2021-11-01T00:00:00.000","Ages_65-74_yrs","29681878","14.6","0","25991900","99.9","87.6","14.7","0"
"2021-11-01T00:00:00.000","Race_eth_NHAIAN","1340626","1","0","1148109","57.3","49","0.9","0"
"2021-11-01T00:00:00.000","Ages_75+_yrs","20227400","9.9","0","17663317","94.3","82.4","10","0"
"2021-11-01T00:00:00.000","Sex_known","201919632","0","99","175668243","0","0","0","99.2"
"2021-10-31T00:00:00.000","Ages_18-24_yrs","18366535","9","0","15398009","66.2","55.5","8.7","0"
"2021-10-31T00:00:00.000","Age_known","203672372","0","99","176974779","0","0","0","99"
"2021-10-31T00:00:00.000","Ages_25-39_yrs","43196491","21.2","0","36979014","69.6","59.6","20.9","0"
"2021-10-31T00:00:00.000","Ages_65-74_yrs","29632915","14.5","0","25979838","99.9","87.6","14.7","0"
"2021-10-31T00:00:00.000","Ages_<18yrs","13634026","6.7","0","11475125","20.6","17.3","6.5","0"
"2021-10-31T00:00:00.000","Race_eth_NHAsian","8103837","5.9","0","7828528","46.2","44.6","6.2","0"
"2021-10-31T00:00:00.000","Ages_50-64_yrs","49844619","24.5","0","44280644","84.9","75.4","25","0"
"2021-10-31T00:00:00.000","Ages_16-17_yrs","4808054","2.4","0","4136928","63.6","54.7","2.3","0"
"2021-10-31T00:00:00.000","Ages_12-15_yrs","8622132","4.2","0","7210304","56.6","47.4","4.1","0"
"2021-10-31T00:00:00.000","Ages_40-49_yrs","28803049","14.1","0","25206379","77.7","68","14.2","0"
"2021-10-31T00:00:00.000","Ages_75+_yrs","20194737","9.9","0","17655770","94.2","82.4","10","0"
"2021-10-31T00:00:00.000","Race_eth_Hispanic","23605002","17.3","0","21210244","45.2","40.6","16.9","0"
"2021-10-31T00:00:00.000","Race_eth_NHAIAN","1339444","1","0","1147328","57.2","49","0.9","0"
"2021-10-31T00:00:00.000","Race_eth_NHNHOPI","438987","0.3","0","391435","49.2","43.9","0.3","0"
"2021-10-31T00:00:00.000","Sex_known","201691627","0","99","175546171","0","0","0","99.2"
"2021-10-31T00:00:00.000","Age_unknown","23122","0","0","5522","0","0","0","0"
"2021-10-31T00:00:00.000","Race_eth_NHBlack","14511881","10.6","0","12954988","38.5","34.4","10.3","0"
"2021-10-31T00:00:00.000","Race_eth_known","136749582","0","67.1","125585697","0","0","0","71"
"2021-10-31T00:00:00.000","Ages_30-39_yrs","29445212","14.5","0","25349578","72.7","62.6","14.3","0"
"2021-10-31T00:00:00.000","Ages_<12yrs","203840","0.1","0","127893","0.5","0.3","0.1","0"
"2021-10-31T00:00:00.000","US","203695494","0","0","176980301","0","0","0","0"
"2021-10-31T00:00:00.000","Race_eth_NHWhite","82407108","60.3","0","76420885","44.4","41.2","60.9","0"
"2021-10-31T00:00:00.000","Race_eth_unknown","66945912","49","0","51394604","0","0","40.9","0"
"2021-10-31T00:00:00.000","Sex_Male","95871330","47.5","0","83231647","64.3","55.8","47.4","0"
"2021-10-31T00:00:00.000","Race_eth_NHMult_Oth","6343323","4.6","0","5632289","91.9","81.6","4.5","0"
"2021-10-31T00:00:00.000","Sex_Female","105820297","52.5","0","92314524","68.8","60","52.6","0"
"2021-10-31T00:00:00.000","Ages_18-29_yrs","32117814","15.8","0","27027445","65.1","54.8","15.3","0"
"2021-10-31T00:00:00.000","Sex_unknown","2003867","1","0","1434130","0","0","0.8","0"
"2021-10-30T00:00:00.000","Ages_50-64_yrs","49784705","24.5","0","44242360","84.8","75.4","25","0"
"2021-10-30T00:00:00.000","Sex_Male","95736038","47.5","0","83140161","64.2","55.8","47.4","0"
"2021-10-30T00:00:00.000","US","203414131","0","0","176789028","0","0","0","0"
"2021-10-30T00:00:00.000","Race_eth_NHAsian","8092555","5.9","0","7820797","46.1","44.6","6.2","0"
"2021-10-30T00:00:00.000","Race_eth_known","136538827","0","67.1","125436577","0","0","0","71"
"2021-10-30T00:00:00.000","Age_unknown","23096","0","0","5514","0","0","0","0"
"2021-10-30T00:00:00.000","Race_eth_Hispanic","23567281","17.3","0","21174615","45.1","40.5","16.9","0"
"2021-10-30T00:00:00.000","Ages_<12yrs","203795","0.1","0","127866","0.5","0.3","0.1","0"
"2021-10-30T00:00:00.000","Ages_30-39_yrs","29405269","14.5","0","25315398","72.6","62.5","14.3","0"
"2021-10-30T00:00:00.000","Ages_75+_yrs","20156483","9.9","0","17639808","94","82.3","10","0"
"2021-10-30T00:00:00.000","Ages_<18yrs","13619608","6.7","0","11458478","20.5","17.3","6.5","0"
"2021-10-30T00:00:00.000","Sex_Female","105678924","52.5","0","92215810","68.7","59.9","52.6","0"
"2021-10-30T00:00:00.000","Ages_18-29_yrs","32076967","15.8","0","26990164","65","54.7","15.3","0"
"2021-10-30T00:00:00.000","Sex_unknown","1999169","1","0","1433057","0","0","0.8","0"
"2021-10-30T00:00:00.000","Ages_16-17_yrs","4804237","2.4","0","4132615","63.6","54.7","2.3","0"
"2021-10-30T00:00:00.000","Ages_40-49_yrs","28768808","14.1","0","25179083","77.6","67.9","14.2","0"
"2021-10-30T00:00:00.000","Race_eth_NHMult_Oth","6335734","4.6","0","5624834","91.8","81.5","4.5","0"
"2021-10-30T00:00:00.000","Race_eth_NHBlack","14487961","10.6","0","12932922","38.5","34.3","10.3","0"
"2021-10-30T00:00:00.000","Ages_12-15_yrs","8611576","4.2","0","7197997","56.6","47.3","4.1","0"
"2021-10-30T00:00:00.000","Ages_18-24_yrs","18345286","9","0","15377757","66.1","55.4","8.7","0"
"2021-10-30T00:00:00.000","Sex_known","201414962","0","99","175355971","0","0","0","99.2"
"2021-10-30T00:00:00.000","Race_eth_NHNHOPI","438469","0.3","0","390948","49.2","43.8","0.3","0"
"2021-10-30T00:00:00.000","Age_known","203391035","0","99","176783514","0","0","0","99"
"2021-10-30T00:00:00.000","Race_eth_unknown","66875304","49","0","51352451","0","0","40.9","0"
"2021-10-30T00:00:00.000","Race_eth_NHAIAN","1337150","1","0","1145801","57.1","48.9","0.9","0"
"2021-10-30T00:00:00.000","Race_eth_NHWhite","82279677","60.3","0","76346660","44.4","41.2","60.9","0"
"2021-10-30T00:00:00.000","Ages_25-39_yrs","43136950","21.2","0","36927805","69.5","59.5","20.9","0"
"2021-10-30T00:00:00.000","Ages_65-74_yrs","29579195","14.5","0","25958223","99.7","87.5","14.7","0"
"2021-10-29T00:00:00.000","Age_known","203050849","0","99","176556640","0","0","0","99"
"2021-10-29T00:00:00.000","Ages_16-17_yrs","4799654","2.4","0","4127045","63.5","54.6","2.3","0"
"2021-10-29T00:00:00.000","Ages_40-49_yrs","28728173","14.1","0","25147228","77.5","67.9","14.2","0"
"2021-10-29T00:00:00.000","Ages_18-24_yrs","18319297","9","0","15353478","66","55.3","8.7","0"
"2021-10-29T00:00:00.000","Ages_25-39_yrs","43064415","21.2","0","36867699","69.4","59.4","20.9","0"
"2021-10-29T00:00:00.000","Ages_<12yrs","203703","0.1","0","127829","0.5","0.3","0.1","0"
"2021-10-29T00:00:00.000","Race_eth_unknown","66791757","49","0","51310241","0","0","41","0"
"2021-10-29T00:00:00.000","Ages_<18yrs","13602871","6.7","0","11439156","20.5","17.2","6.5","0"
"2021-10-29T00:00:00.000","Age_unknown","23061","0","0","5507","0","0","0","0"
"2021-10-29T00:00:00.000","Ages_50-64_yrs","49716810","24.5","0","44198809","84.7","75.3","25","0"
"2021-10-29T00:00:00.000","Race_eth_Hispanic","23527304","17.3","0","21137931","45.1","40.5","16.9","0"
"2021-10-29T00:00:00.000","Race_eth_NHWhite","82119488","60.3","0","76248281","44.3","41.1","60.9","0"
"2021-10-29T00:00:00.000","Race_eth_NHMult_Oth","6325783","4.6","0","5615523","91.7","81.4","4.5","0"
"2021-10-29T00:00:00.000","Ages_65-74_yrs","29511251","14.5","0","25930119","99.5","87.4","14.7","0"
"2021-10-29T00:00:00.000","Race_eth_NHNHOPI","437152","0.3","0","390013","49","43.7","0.3","0"
"2021-10-29T00:00:00.000","Ages_75+_yrs","20108032","9.9","0","17620151","93.8","82.2","10","0"
"2021-10-29T00:00:00.000","Race_eth_known","136282153","0","67.1","125251906","0","0","0","70.9"
"2021-10-29T00:00:00.000","Ages_12-15_yrs","8599514","4.2","0","7184282","56.5","47.2","4.1","0"
"2021-10-29T00:00:00.000","Ages_30-39_yrs","29357156","14.5","0","25275810","72.5","62.4","14.3","0"
"2021-10-29T00:00:00.000","Sex_Female","105508959","52.5","0","92097525","68.6","59.8","52.6","0"
"2021-10-29T00:00:00.000","Sex_unknown","1994340","1","0","1431664","0","0","0.8","0"
"2021-10-29T00:00:00.000","Sex_Male","95570611","47.5","0","83032958","64.1","55.7","47.4","0"
"2021-10-29T00:00:00.000","Ages_18-29_yrs","32026556","15.8","0","26945367","64.9","54.6","15.3","0"
"2021-10-29T00:00:00.000","Race_eth_NHAIAN","1334271","1","0","1143598","57","48.8","0.9","0"
"2021-10-29T00:00:00.000","Race_eth_NHBlack","14457091","10.6","0","12903265","38.4","34.3","10.3","0"
"2021-10-29T00:00:00.000","US","203073910","0","0","176562147","0","0","0","0"
"2021-10-29T00:00:00.000","Sex_known","201079570","0","99","175130483","0","0","0","99.2"
"2021-10-29T00:00:00.000","Race_eth_NHAsian","8081064","5.9","0","7813295","46.1","44.5","6.2","0"
"2021-10-28T00:00:00.000","Sex_unknown","2006368","1","0","1433888","0","0","0.8","0"
"2021-10-28T00:00:00.000","Race_eth_Hispanic","23578030","17.3","0","21030272","45.2","40.3","16.8","0"
"2021-10-28T00:00:00.000","Sex_known","201575459","0","99","174394252","0","0","0","99.2"
"2021-10-28T00:00:00.000","US","203581827","0","0","175828140","0","0","0","0"
"2021-10-28T00:00:00.000","Sex_Female","105759419","52.5","0","91727857","68.7","59.6","52.6","0"
"2021-10-28T00:00:00.000","Race_eth_NHAsian","8090889","5.9","0","7790566","46.1","44.4","6.2","0"
"2021-10-28T00:00:00.000","Ages_40-49_yrs","28805563","14.1","0","25053622","77.7","67.6","14.2","0"
"2021-10-28T00:00:00.000","Race_eth_unknown","67134635","49.2","0","50833659","0","0","40.7","0"
"2021-10-28T00:00:00.000","Ages_75+_yrs","20127672","9.9","0","17554170","93.9","81.9","10","0"
"2021-10-28T00:00:00.000","Ages_16-17_yrs","4823113","2.4","0","4102637","63.8","54.3","2.3","0"
"2021-10-28T00:00:00.000","Ages_12-15_yrs","8629288","4.2","0","7137283","56.7","46.9","4.1","0"
"2021-10-28T00:00:00.000","Race_eth_NHBlack","14476098","10.6","0","12848734","38.4","34.1","10.3","0"
"2021-10-28T00:00:00.000","Race_eth_NHAIAN","1332627","1","0","1141267","56.9","48.7","0.9","0"
"2021-10-28T00:00:00.000","Ages_25-39_yrs","43190685","21.2","0","36677179","69.6","59.1","20.9","0"
"2021-10-28T00:00:00.000","Race_eth_NHNHOPI","437094","0.3","0","389406","49","43.7","0.3","0"
"2021-10-28T00:00:00.000","Race_eth_NHMult_Oth","6330340","4.6","0","5560524","91.7","80.6","4.4","0"
"2021-10-28T00:00:00.000","Ages_30-39_yrs","29441002","14.5","0","25154604","72.7","62.1","14.3","0"
"2021-10-28T00:00:00.000","Age_unknown","23118","0","0","5392","0","0","0","0"
"2021-10-28T00:00:00.000","Ages_18-24_yrs","18392313","9","0","15255286","66.3","55","8.7","0"
"2021-10-28T00:00:00.000","Ages_<18yrs","13657789","6.7","0","11365743","20.6","17.1","6.5","0"
"2021-10-28T00:00:00.000","Age_known","203558709","0","99","175822748","0","0","0","99"
"2021-10-28T00:00:00.000","Race_eth_NHWhite","82202114","60.2","0","76233712","44.3","41.1","61","0"
"2021-10-28T00:00:00.000","Ages_65-74_yrs","29541932","14.5","0","25854648","99.6","87.2","14.7","0"
"2021-10-28T00:00:00.000","Ages_50-64_yrs","49842755","24.5","0","44062100","84.9","75.1","25.1","0"
"2021-10-28T00:00:00.000","Ages_18-29_yrs","32141996","15.8","0","26777861","65.1","54.3","15.2","0"
"2021-10-28T00:00:00.000","Sex_Male","95816040","47.5","0","82666395","64.3","55.4","47.4","0"
"2021-10-28T00:00:00.000","Race_eth_known","136447192","0","67","124994481","0","0","0","71.1"
"2021-10-28T00:00:00.000","Ages_<12yrs","205388","0.1","0","125823","0.5","0.3","0.1","0"
"2021-10-27T00:00:00.000","Ages_75+_yrs","20074043","9.9","0","17537387","93.6","81.8","10","0"
"2021-10-27T00:00:00.000","Age_known","203184153","0","99","175599172","0","0","0","99"
"2021-10-27T00:00:00.000","Race_eth_Hispanic","23534947","17.3","0","20991904","45.1","40.2","16.8","0"
"2021-10-27T00:00:00.000","Ages_<12yrs","205290","0.1","0","125783","0.5","0.3","0.1","0"
"2021-10-27T00:00:00.000","Race_eth_NHMult_Oth","6320642","4.6","0","5551908","91.6","80.5","4.4","0"
"2021-10-27T00:00:00.000","Age_unknown","23089","0","0","5383","0","0","0","0"
"2021-10-27T00:00:00.000","Ages_65-74_yrs","29458959","14.5","0","25828491","99.3","87.1","14.7","0"
"2021-10-27T00:00:00.000","Ages_12-15_yrs","8616414","4.2","0","7122663","56.6","46.8","4.1","0"
"2021-10-27T00:00:00.000","Sex_Male","95632687","47.5","0","82558884","64.1","55.4","47.4","0"
"2021-10-27T00:00:00.000","Ages_18-24_yrs","18364653","9","0","15229544","66.2","54.9","8.7","0"
"2021-10-27T00:00:00.000","Race_eth_NHNHOPI","436360","0.3","0","388693","48.9","43.6","0.3","0"
"2021-10-27T00:00:00.000","US","203207242","0","0","175604555","0","0","0","0"
"2021-10-27T00:00:00.000","Race_eth_NHAIAN","1330258","1","0","1139519","56.8","48.7","0.9","0"
"2021-10-27T00:00:00.000","Sex_Female","105571541","52.5","0","91612959","68.6","59.5","52.6","0"
"2021-10-27T00:00:00.000","Race_eth_NHWhite","82023932","60.2","0","76138742","44.2","41.1","61","0"
"2021-10-27T00:00:00.000","Ages_30-39_yrs","29390314","14.5","0","25114453","72.6","62","14.3","0"
"2021-10-27T00:00:00.000","Ages_50-64_yrs","49769042","24.5","0","44019989","84.8","75","25.1","0"
"2021-10-27T00:00:00.000","Sex_known","201204228","0","99","174171843","0","0","0","99.2"
"2021-10-27T00:00:00.000","Ages_25-39_yrs","43114594","21.2","0","36615951","69.5","59","20.9","0"
"2021-10-27T00:00:00.000","Race_eth_unknown","67035352","49.2","0","50787979","0","0","40.7","0"
"2021-10-27T00:00:00.000","Race_eth_NHBlack","14447308","10.6","0","12823229","38.4","34.1","10.3","0"
"2021-10-27T00:00:00.000","Sex_unknown","2003014","1","0","1432712","0","0","0.8","0"
"2021-10-27T00:00:00.000","Ages_40-49_yrs","28763120","14.2","0","25022595","77.6","67.5","14.2","0"
"2021-10-27T00:00:00.000","Race_eth_known","136171890","0","67","124816576","0","0","0","71.1"
"2021-10-27T00:00:00.000","Ages_18-29_yrs","32088933","15.8","0","26731042","65","54.2","15.2","0"
"2021-10-27T00:00:00.000","Ages_<18yrs","13639742","6.7","0","11345215","20.6","17.1","6.5","0"
"2021-10-27T00:00:00.000","Race_eth_NHAsian","8078443","5.9","0","7782581","46","44.4","6.2","0"
"2021-10-27T00:00:00.000","Ages_16-17_yrs","4818038","2.4","0","4096769","63.7","54.2","2.3","0"
"2021-10-26T00:00:00.000","Race_eth_unknown","66992946","49.3","0","50777913","0","0","40.7","0"
"2021-10-26T00:00:00.000","Ages_25-39_yrs","43057008","21.2","0","36566033","69.4","58.9","20.8","0"
"2021-10-26T00:00:00.000","Age_unknown","23069","0","0","5378","0","0","0","0"
"2021-10-26T00:00:00.000","Race_eth_NHNHOPI","435729","0.3","0","388164","48.9","43.5","0.3","0"
"2021-10-26T00:00:00.000","Ages_16-17_yrs","4813699","2.4","0","4091614","63.7","54.1","2.3","0"
"2021-10-26T00:00:00.000","Sex_Male","95501748","47.5","0","82472853","64","55.3","47.4","0"
"2021-10-26T00:00:00.000","Ages_50-64_yrs","49717163","24.5","0","43987144","84.7","74.9","25.1","0"
"2021-10-26T00:00:00.000","Race_eth_NHBlack","14421796","10.6","0","12799517","38.3","34","10.3","0"
"2021-10-26T00:00:00.000","Ages_18-24_yrs","18342181","9","0","15208725","66.1","54.8","8.7","0"
"2021-10-26T00:00:00.000","Ages_12-15_yrs","8605489","4.2","0","7110582","56.5","46.7","4.1","0"
"2021-10-26T00:00:00.000","Sex_known","200942419","0","99","173996759","0","0","0","99.2"
"2021-10-26T00:00:00.000","Ages_30-39_yrs","29352335","14.5","0","25081549","72.5","61.9","14.3","0"
"2021-10-26T00:00:00.000","Sex_unknown","2000093","1","0","1431848","0","0","0.8","0"
"2021-10-26T00:00:00.000","Sex_Female","105440671","52.5","0","91523906","68.5","59.5","52.6","0"
"2021-10-26T00:00:00.000","Ages_<12yrs","205233","0.1","0","125754","0.5","0.3","0.1","0"
"2021-10-26T00:00:00.000","Ages_75+_yrs","20040256","9.9","0","17525988","93.5","81.7","10","0"
"2021-10-26T00:00:00.000","Race_eth_known","135949566","0","67","124650694","0","0","0","71.1"
"2021-10-26T00:00:00.000","Ages_65-74_yrs","29405896","14.5","0","25810597","99.1","87","14.7","0"
"2021-10-26T00:00:00.000","US","202942512","0","0","175428607","0","0","0","0"
"2021-10-26T00:00:00.000","Age_known","202919443","0","99","175423229","0","0","0","99"
"2021-10-26T00:00:00.000","Ages_40-49_yrs","28732518","14.2","0","24996792","77.5","67.5","14.2","0"
"2021-10-26T00:00:00.000","Race_eth_NHMult_Oth","6313886","4.6","0","5545429","91.5","80.4","4.4","0"
"2021-10-26T00:00:00.000","Ages_18-29_yrs","32046854","15.8","0","26693209","64.9","54.1","15.2","0"
"2021-10-26T00:00:00.000","Race_eth_Hispanic","23498300","17.3","0","20960058","45","40.1","16.8","0"
"2021-10-26T00:00:00.000","Race_eth_NHWhite","81884098","60.2","0","76044181","44.2","41","61","0"
"2021-10-26T00:00:00.000","Ages_<18yrs","13624421","6.7","0","11327950","20.5","17.1","6.5","0"
"2021-10-26T00:00:00.000","Race_eth_NHAsian","8068191","5.9","0","7775779","46","44.3","6.2","0"
"2021-10-26T00:00:00.000","Race_eth_NHAIAN","1327566","1","0","1137566","56.7","48.6","0.9","0"
"2021-10-25T00:00:00.000","Race_eth_NHMult_Oth","6301907","4.6","0","5534794","91.3","80.2","4.4","0"
"2021-10-25T00:00:00.000","Age_known","202807141","0","99","175348857","0","0","0","99"
"2021-10-25T00:00:00.000","Ages_30-39_yrs","29335835","14.5","0","25064537","72.5","61.9","14.3","0"
"2021-10-25T00:00:00.000","Ages_<12yrs","205236","0.1","0","125755","0.5","0.3","0.1","0"
"2021-10-25T00:00:00.000","Ages_40-49_yrs","28720565","14.2","0","24984980","77.5","67.4","14.2","0"
"2021-10-25T00:00:00.000","Race_eth_NHWhite","81778314","60.2","0","75975610","44.1","41","61","0"
"2021-10-25T00:00:00.000","Ages_12-15_yrs","8601990","4.2","0","7102967","56.5","46.7","4.1","0"
"2021-10-25T00:00:00.000","Ages_18-29_yrs","32028901","15.8","0","26672529","64.9","54","15.2","0"
"2021-10-25T00:00:00.000","Race_eth_known","135827878","0","67","124573521","0","0","0","71"
"2021-10-25T00:00:00.000","Race_eth_NHAsian","8060117","5.9","0","7770127","45.9","44.3","6.2","0"
"2021-10-25T00:00:00.000","Ages_18-24_yrs","18333570","9","0","15197959","66","54.7","8.7","0"
"2021-10-25T00:00:00.000","Sex_Female","105385198","52.5","0","91487354","68.5","59.4","52.6","0"
"2021-10-25T00:00:00.000","Ages_25-39_yrs","43031166","21.2","0","36539107","69.4","58.9","20.8","0"
"2021-10-25T00:00:00.000","Ages_75+_yrs","20022638","9.9","0","17522967","93.4","81.7","10","0"
"2021-10-25T00:00:00.000","Sex_Male","95440426","47.5","0","82434318","64","55.3","47.4","0"
"2021-10-25T00:00:00.000","Race_eth_Hispanic","23458955","17.3","0","20930942","44.9","40.1","16.8","0"
"2021-10-25T00:00:00.000","Ages_65-74_yrs","29379458","14.5","0","25806864","99.1","87","14.7","0"
"2021-10-25T00:00:00.000","Age_unknown","23017","0","0","5369","0","0","0","0"
"2021-10-25T00:00:00.000","Race_eth_NHBlack","14400561","10.6","0","12775789","38.2","33.9","10.3","0"
"2021-10-25T00:00:00.000","Ages_<18yrs","13621275","6.7","0","11318877","20.5","17.1","6.5","0"
"2021-10-25T00:00:00.000","Sex_unknown","2004534","1","0","1432554","0","0","0.8","0"
"2021-10-25T00:00:00.000","Race_eth_unknown","67002280","49.3","0","50780705","0","0","40.8","0"
"2021-10-25T00:00:00.000","Ages_50-64_yrs","49698469","24.5","0","43978103","84.7","74.9","25.1","0"
"2021-10-25T00:00:00.000","US","202830158","0","0","175354226","0","0","0","0"
"2021-10-25T00:00:00.000","Race_eth_NHAIAN","1392820","1","0","1198710","59.5","51.2","1","0"
"2021-10-25T00:00:00.000","Sex_known","200825624","0","99","173921672","0","0","0","99.2"
"2021-10-25T00:00:00.000","Race_eth_NHNHOPI","435204","0.3","0","387549","48.8","43.5","0.3","0"
"2021-10-25T00:00:00.000","Ages_16-17_yrs","4814049","2.4","0","4090155","63.7","54.1","2.3","0"
"2021-10-24T00:00:00.000","Race_eth_NHAsian","8054961","5.9","0","7766333","45.9","44.3","6.2","0"
"2021-10-24T00:00:00.000","Sex_Male","95363622","47.5","0","82381297","64","55.2","47.4","0"
"2021-10-24T00:00:00.000","Race_eth_unknown","66956655","49.3","0","50758982","0","0","40.8","0"
"2021-10-24T00:00:00.000","Sex_Female","105305243","52.5","0","91430926","68.4","59.4","52.6","0"
"2021-10-24T00:00:00.000","Race_eth_NHAIAN","1391959","1","0","1198033","59.5","51.2","1","0"
"2021-10-24T00:00:00.000","Race_eth_NHNHOPI","434917","0.3","0","387314","48.8","43.4","0.3","0"
"2021-10-24T00:00:00.000","Ages_65-74_yrs","29349417","14.5","0","25797351","99","87","14.7","0"
"2021-10-24T00:00:00.000","Ages_75+_yrs","20003403","9.9","0","17517016","93.3","81.7","10","0"
"2021-10-24T00:00:00.000","Ages_25-39_yrs","42997538","21.2","0","36507874","69.3","58.8","20.8","0"
"2021-10-24T00:00:00.000","Ages_16-17_yrs","4811397","2.4","0","4086762","63.6","54.1","2.3","0"
"2021-10-24T00:00:00.000","Ages_12-15_yrs","8594169","4.2","0","7093150","56.5","46.6","4","0"
"2021-10-24T00:00:00.000","US","202672930","0","0","175244479","0","0","0","0"
"2021-10-24T00:00:00.000","Race_eth_NHBlack","14388649","10.6","0","12763188","38.2","33.9","10.3","0"
"2021-10-24T00:00:00.000","Ages_50-64_yrs","49666373","24.5","0","43957510","84.6","74.9","25.1","0"
"2021-10-24T00:00:00.000","Ages_18-24_yrs","18320797","9","0","15185253","66","54.7","8.7","0"
"2021-10-24T00:00:00.000","Race_eth_NHMult_Oth","6296591","4.6","0","5529380","91.3","80.1","4.4","0"
"2021-10-24T00:00:00.000","Sex_unknown","2004065","1","0","1432256","0","0","0.8","0"
"2021-10-24T00:00:00.000","Race_eth_NHWhite","81712451","60.2","0","75933314","44.1","40.9","61","0"
"2021-10-24T00:00:00.000","Race_eth_Hispanic","23436747","17.3","0","20907935","44.9","40","16.8","0"
"2021-10-24T00:00:00.000","Age_unknown","23013","0","0","5368","0","0","0","0"
"2021-10-24T00:00:00.000","Age_known","202649917","0","99","175239111","0","0","0","99"
"2021-10-24T00:00:00.000","Ages_<12yrs","205225","0.1","0","125749","0.5","0.3","0.1","0"
"2021-10-24T00:00:00.000","Sex_known","200668865","0","99","173812223","0","0","0","99.2"
"2021-10-24T00:00:00.000","Ages_40-49_yrs","28701598","14.2","0","24968446","77.4","67.4","14.2","0"
"2021-10-24T00:00:00.000","Race_eth_known","135716275","0","67","124485497","0","0","0","71"
"2021-10-24T00:00:00.000","Ages_<18yrs","13610791","6.7","0","11305661","20.5","17","6.5","0"
"2021-10-24T00:00:00.000","Ages_30-39_yrs","29313514","14.5","0","25044062","72.4","61.9","14.3","0"
"2021-10-24T00:00:00.000","Ages_18-29_yrs","32004821","15.8","0","26649065","64.8","54","15.2","0"
"2021-10-23T00:00:00.000","Race_eth_NHMult_Oth","6289809","4.6","0","5522061","91.2","80","4.4","0"
"2021-10-23T00:00:00.000","Ages_18-29_yrs","31967979","15.8","0","26611514","64.8","53.9","15.2","0"
"2021-10-23T00:00:00.000","Age_known","202455153","0","99","175074992","0","0","0","99"
"2021-10-23T00:00:00.000","Race_eth_NHAIAN","1390083","1","0","1196271","59.4","51.1","1","0"
"2021-10-23T00:00:00.000","Ages_<18yrs","13594958","6.7","0","11287206","20.5","17","6.4","0"
"2021-10-23T00:00:00.000","Ages_75+_yrs","19984082","9.9","0","17508407","93.2","81.7","10","0"
"2021-10-23T00:00:00.000","Ages_16-17_yrs","4807112","2.4","0","4081782","63.6","54","2.3","0"
"2021-10-23T00:00:00.000","Ages_50-64_yrs","49628891","24.5","0","43926832","84.5","74.8","25.1","0"
"2021-10-23T00:00:00.000","Race_eth_NHBlack","14371346","10.6","0","12743624","38.2","33.8","10.2","0"
"2021-10-23T00:00:00.000","Ages_65-74_yrs","29320446","14.5","0","25783974","98.9","86.9","14.7","0"
"2021-10-23T00:00:00.000","Sex_unknown","2001242","1","0","1431250","0","0","0.8","0"
"2021-10-23T00:00:00.000","Sex_Male","95269329","47.5","0","82301985","63.9","55.2","47.4","0"
"2021-10-23T00:00:00.000","Race_eth_NHNHOPI","433908","0.3","0","386784","48.7","43.4","0.3","0"
"2021-10-23T00:00:00.000","Race_eth_unknown","66899261","49.3","0","50722360","0","0","40.8","0"
"2021-10-23T00:00:00.000","Race_eth_NHAsian","8048698","5.9","0","7760854","45.9","44.2","6.2","0"
"2021-10-23T00:00:00.000","Ages_25-39_yrs","42949330","21.2","0","36459666","69.2","58.8","20.8","0"
"2021-10-23T00:00:00.000","Ages_12-15_yrs","8582670","4.2","0","7079699","56.4","46.5","4","0"
"2021-10-23T00:00:00.000","Ages_40-49_yrs","28676699","14.2","0","24944442","77.4","67.3","14.2","0"
"2021-10-23T00:00:00.000","Age_unknown","22997","0","0","5366","0","0","0","0"
"2021-10-23T00:00:00.000","Ages_<12yrs","205176","0.1","0","125725","0.5","0.3","0.1","0"
"2021-10-23T00:00:00.000","Ages_30-39_yrs","29282098","14.5","0","25012617","72.3","61.8","14.3","0"
"2021-10-23T00:00:00.000","Sex_known","200476908","0","99","173649108","0","0","0","99.2"
"2021-10-23T00:00:00.000","Sex_Female","105207579","52.5","0","91347123","68.4","59.4","52.6","0"
"2021-10-23T00:00:00.000","Race_eth_NHWhite","81638932","60.2","0","75871452","44","40.9","61","0"
"2021-10-23T00:00:00.000","Ages_18-24_yrs","18300747","9","0","15164465","65.9","54.6","8.7","0"
"2021-10-23T00:00:00.000","US","202478150","0","0","175080358","0","0","0","0"
"2021-10-23T00:00:00.000","Race_eth_Hispanic","23406113","17.3","0","20876952","44.8","40","16.8","0"
"2021-10-23T00:00:00.000","Race_eth_known","135578889","0","67","124357998","0","0","0","71"
"2021-10-22T00:00:00.000","Race_eth_NHBlack","14350532","10.6","0","12719886","38.1","33.8","10.2","0"
"2021-10-22T00:00:00.000","Sex_Male","95165823","47.5","0","82212455","63.8","55.1","47.4","0"
"2021-10-22T00:00:00.000","Race_eth_NHNHOPI","433358","0.3","0","386201","48.6","43.3","0.3","0"
"2021-10-22T00:00:00.000","Ages_30-39_yrs","29246928","14.5","0","24976878","72.2","61.7","14.3","0"
"2021-10-22T00:00:00.000","Ages_65-74_yrs","29291202","14.5","0","25768785","98.8","86.9","14.7","0"
"2021-10-22T00:00:00.000","Ages_12-15_yrs","8570284","4.2","0","7066269","56.3","46.4","4","0"
"2021-10-22T00:00:00.000","Ages_75+_yrs","19963239","9.9","0","17498052","93.1","81.6","10","0"
"2021-10-22T00:00:00.000","Ages_40-49_yrs","28649563","14.2","0","24917243","77.3","67.2","14.2","0"
"2021-10-22T00:00:00.000","Ages_18-24_yrs","18277721","9","0","15140279","65.8","54.5","8.7","0"
"2021-10-22T00:00:00.000","Race_eth_NHAIAN","1388226","1","0","1194494","59.3","51","1","0"
"2021-10-22T00:00:00.000","Ages_50-64_yrs","49588369","24.5","0","43892369","84.5","74.8","25.1","0"
"2021-10-22T00:00:00.000","Race_eth_Hispanic","23373414","17.3","0","20844813","44.8","39.9","16.8","0"
"2021-10-22T00:00:00.000","Ages_25-39_yrs","42894828","21.2","0","36404891","69.1","58.7","20.8","0"
"2021-10-22T00:00:00.000","US","202265587","0","0","174895336","0","0","0","0"
"2021-10-22T00:00:00.000","Sex_unknown","1998739","1","0","1430192","0","0","0.8","0"
"2021-10-22T00:00:00.000","Race_eth_known","135423741","0","67","124213930","0","0","0","71"
"2021-10-22T00:00:00.000","Sex_known","200266848","0","99","173465144","0","0","0","99.2"
"2021-10-22T00:00:00.000","Ages_<12yrs","205127","0.1","0","125705","0.5","0.3","0.1","0"
"2021-10-22T00:00:00.000","Ages_18-29_yrs","31925621","15.8","0","26568292","64.7","53.8","15.2","0"
"2021-10-22T00:00:00.000","Race_eth_NHWhite","81553026","60.2","0","75798226","44","40.9","61","0"
"2021-10-22T00:00:00.000","Age_unknown","22984","0","0","5359","0","0","0","0"
"2021-10-22T00:00:00.000","Age_known","202242603","0","99","174889977","0","0","0","99"
"2021-10-22T00:00:00.000","Ages_16-17_yrs","4802270","2.4","0","4076384","63.5","53.9","2.3","0"
"2021-10-22T00:00:00.000","Sex_Female","105101025","52.5","0","91252689","68.3","59.3","52.6","0"
"2021-10-22T00:00:00.000","Race_eth_NHAsian","8042307","5.9","0","7755772","45.8","44.2","6.2","0"
"2021-10-22T00:00:00.000","Race_eth_NHMult_Oth","6282878","4.6","0","5514538","91.1","79.9","4.4","0"
"2021-10-22T00:00:00.000","Race_eth_unknown","66841846","49.4","0","50681406","0","0","40.8","0"
"2021-10-22T00:00:00.000","Ages_<18yrs","13577681","6.7","0","11268358","20.5","17","6.4","0"
"2021-10-21T00:00:00.000","Race_eth_NHAsian","8034108","5.9","0","7748725","45.8","44.2","6.2","0"
"2021-10-21T00:00:00.000","Ages_<12yrs","205046","0.1","0","125656","0.5","0.3","0.1","0"
"2021-10-21T00:00:00.000","Race_eth_Hispanic","23331806","17.3","0","20802078","44.7","39.8","16.8","0"
"2021-10-21T00:00:00.000","Ages_75+_yrs","19936754","9.9","0","17484440","93","81.6","10","0"
"2021-10-21T00:00:00.000","Ages_16-17_yrs","4795709","2.4","0","4069055","63.4","53.8","2.3","0"
"2021-10-21T00:00:00.000","Sex_known","199996334","0","99","173213292","0","0","0","99.2"
"2021-10-21T00:00:00.000","Ages_<18yrs","13555449","6.7","0","11243013","20.4","16.9","6.4","0"
"2021-10-21T00:00:00.000","Ages_25-39_yrs","42823676","21.2","0","36330209","69","58.6","20.8","0"
"2021-10-21T00:00:00.000","Age_known","201967656","0","99","174635490","0","0","0","99"
"2021-10-21T00:00:00.000","Race_eth_unknown","66766321","49.4","0","50626830","0","0","40.8","0"
"2021-10-21T00:00:00.000","Ages_30-39_yrs","29200475","14.5","0","24928041","72.1","61.6","14.3","0"
"2021-10-21T00:00:00.000","Sex_unknown","1994251","1","0","1427547","0","0","0.8","0"
"2021-10-21T00:00:00.000","US","201990585","0","0","174640839","0","0","0","0"
"2021-10-21T00:00:00.000","Race_eth_NHAIAN","1386147","1","0","1192404","59.2","50.9","1","0"
"2021-10-21T00:00:00.000","Race_eth_NHNHOPI","432625","0.3","0","385427","48.5","43.2","0.3","0"
"2021-10-21T00:00:00.000","Ages_18-24_yrs","18247579","9","0","15107850","65.7","54.4","8.7","0"
"2021-10-21T00:00:00.000","Ages_65-74_yrs","29255059","14.5","0","25747709","98.6","86.8","14.7","0"
"2021-10-21T00:00:00.000","Ages_50-64_yrs","49535612","24.5","0","43843284","84.4","74.7","25.1","0"
"2021-10-21T00:00:00.000","Race_eth_NHBlack","14318016","10.6","0","12682145","38","33.7","10.2","0"
"2021-10-21T00:00:00.000","Race_eth_known","135224264","0","66.9","124014009","0","0","0","71"
"2021-10-21T00:00:00.000","Ages_18-29_yrs","31870780","15.8","0","26510018","64.6","53.7","15.2","0"
"2021-10-21T00:00:00.000","Race_eth_NHMult_Oth","6271996","4.6","0","5501418","90.9","79.7","4.4","0"
"2021-10-21T00:00:00.000","Sex_Female","104963631","52.5","0","91123467","68.2","59.2","52.6","0"
"2021-10-21T00:00:00.000","Race_eth_NHWhite","81449566","60.2","0","75701812","43.9","40.8","61","0"
"2021-10-21T00:00:00.000","Ages_12-15_yrs","8554694","4.2","0","7048302","56.2","46.3","4","0"
"2021-10-21T00:00:00.000","Age_unknown","22929","0","0","5349","0","0","0","0"
"2021-10-21T00:00:00.000","Sex_Male","95032703","47.5","0","82089825","63.7","55.1","47.4","0"
"2021-10-21T00:00:00.000","Ages_40-49_yrs","28613527","14.2","0","24878985","77.2","67.1","14.2","0"
"2021-10-20T00:00:00.000","Ages_40-49_yrs","28586696","14.2","0","24852488","77.1","67.1","14.2","0"
"2021-10-20T00:00:00.000","Ages_30-39_yrs","29163134","14.5","0","24890946","72","61.5","14.3","0"
"2021-10-20T00:00:00.000","Ages_<18yrs","13536722","6.7","0","11222156","20.4","16.9","6.4","0"
"2021-10-20T00:00:00.000","Race_eth_NHMult_Oth","6251919","4.6","0","5485534","90.6","79.5","4.4","0"
"2021-10-20T00:00:00.000","Sex_unknown","1993222","1","0","1426592","0","0","0.8","0"
"2021-10-20T00:00:00.000","Race_eth_NHAIAN","1382658","1","0","1189663","59.1","50.8","1","0"
"2021-10-20T00:00:00.000","Race_eth_NHNHOPI","432014","0.3","0","384720","48.4","43.1","0.3","0"
"2021-10-20T00:00:00.000","Ages_18-24_yrs","18220377","9","0","15080113","65.6","54.3","8.6","0"
"2021-10-20T00:00:00.000","Ages_16-17_yrs","4789987","2.4","0","4062627","63.4","53.7","2.3","0"
"2021-10-20T00:00:00.000","Race_eth_unknown","66856845","49.6","0","50672114","0","0","40.9","0"
"2021-10-20T00:00:00.000","Ages_65-74_yrs","29226469","14.5","0","25733907","98.5","86.8","14.8","0"
"2021-10-20T00:00:00.000","Race_eth_Hispanic","23278054","17.3","0","20748849","44.6","39.7","16.8","0"
"2021-10-20T00:00:00.000","Ages_<12yrs","204981","0.1","0","125611","0.5","0.3","0.1","0"
"2021-10-20T00:00:00.000","Ages_75+_yrs","19916699","9.9","0","17474447","92.9","81.5","10","0"
"2021-10-20T00:00:00.000","Sex_known","199776291","0","99","173024260","0","0","0","99.2"
"2021-10-20T00:00:00.000","Ages_12-15_yrs","8541754","4.2","0","7033918","56.1","46.2","4","0"
"2021-10-20T00:00:00.000","Age_unknown","22917","0","0","5345","0","0","0","0"
"2021-10-20T00:00:00.000","Ages_50-64_yrs","49495591","24.5","0","43810705","84.3","74.6","25.1","0"
"2021-10-20T00:00:00.000","Sex_Female","104852645","52.5","0","91027675","68.1","59.2","52.6","0"
"2021-10-20T00:00:00.000","US","201769513","0","0","174450852","0","0","0","0"
"2021-10-20T00:00:00.000","Race_eth_NHBlack","14297447","10.6","0","12660391","38","33.6","10.2","0"
"2021-10-20T00:00:00.000","Sex_Male","94923646","47.5","0","81996585","63.7","55","47.4","0"
"2021-10-20T00:00:00.000","Age_known","201746596","0","99","174445507","0","0","0","99"
"2021-10-20T00:00:00.000","Race_eth_NHAsian","8027437","6","0","7743406","45.8","44.1","6.3","0"
"2021-10-20T00:00:00.000","Race_eth_known","134912668","0","66.9","123778738","0","0","0","71"
"2021-10-20T00:00:00.000","Race_eth_NHWhite","81243139","60.2","0","75566175","43.8","40.7","61","0"
"2021-10-20T00:00:00.000","Ages_18-29_yrs","31821285","15.8","0","26460858","64.5","53.6","15.2","0"
"2021-10-20T00:00:00.000","Ages_25-39_yrs","42764042","21.2","0","36271691","68.9","58.5","20.8","0"
"2021-10-19T00:00:00.000","Sex_known","199571420","0","99","172821709","0","0","0","99.2"
"2021-10-19T00:00:00.000","Ages_40-49_yrs","28559251","14.2","0","24821802","77.1","67","14.2","0"
"2021-10-19T00:00:00.000","Race_eth_NHBlack","14274736","10.6","0","12631427","37.9","33.5","10.2","0"
"2021-10-19T00:00:00.000","Ages_<18yrs","13519610","6.7","0","11201422","20.4","16.9","6.4","0"
"2021-10-19T00:00:00.000","Race_eth_NHAIAN","1381429","1","0","1188382","59","50.8","1","0"
"2021-10-19T00:00:00.000","Race_eth_Hispanic","23241500","17.2","0","20710201","44.5","39.7","16.8","0"
"2021-10-19T00:00:00.000","US","201565532","0","0","174248134","0","0","0","0"
"2021-10-19T00:00:00.000","Sex_Male","94821082","47.5","0","81898107","63.6","54.9","47.4","0"
"2021-10-19T00:00:00.000","Race_eth_NHMult_Oth","6249439","4.6","0","5479898","90.6","79.4","4.4","0"
"2021-10-19T00:00:00.000","Ages_12-15_yrs","8529237","4.2","0","7019295","56","46.1","4","0"
"2021-10-19T00:00:00.000","Ages_30-39_yrs","29128005","14.5","0","24851045","71.9","61.4","14.3","0"
"2021-10-19T00:00:00.000","Ages_18-24_yrs","18196434","9","0","15053404","65.5","54.2","8.6","0"
"2021-10-19T00:00:00.000","Race_eth_NHWhite","81161889","60.2","0","75489754","43.8","40.7","61.1","0"
"2021-10-19T00:00:00.000","Age_known","201542555","0","99","174242781","0","0","0","99"
"2021-10-19T00:00:00.000","Ages_65-74_yrs","29200393","14.5","0","25718710","98.4","86.7","14.8","0"
"2021-10-19T00:00:00.000","Ages_75+_yrs","19899771","9.9","0","17465069","92.8","81.5","10","0"
"2021-10-19T00:00:00.000","Ages_25-39_yrs","42709939","21.2","0","36210784","68.8","58.4","20.8","0"
"2021-10-19T00:00:00.000","Race_eth_NHNHOPI","430778","0.3","0","383415","48.3","43","0.3","0"
"2021-10-19T00:00:00.000","Race_eth_known","134760514","0","66.9","123620917","0","0","0","70.9"
"2021-10-19T00:00:00.000","Age_unknown","22977","0","0","5353","0","0","0","0"
"2021-10-19T00:00:00.000","Ages_18-29_yrs","31778368","15.8","0","26413143","64.4","53.5","15.2","0"
"2021-10-19T00:00:00.000","Sex_Female","104750338","52.5","0","90923602","68.1","59.1","52.6","0"
"2021-10-19T00:00:00.000","Ages_<12yrs","205483","0.1","0","125892","0.5","0.3","0.1","0"
"2021-10-19T00:00:00.000","Ages_50-64_yrs","49457157","24.5","0","43771590","84.3","74.6","25.1","0"
"2021-10-19T00:00:00.000","Ages_16-17_yrs","4784890","2.4","0","4056235","63.3","53.7","2.3","0"
"2021-10-19T00:00:00.000","Sex_unknown","1994112","1","0","1426425","0","0","0.8","0"
"2021-10-19T00:00:00.000","Race_eth_unknown","66805018","49.6","0","50627217","0","0","41","0"
"2021-10-19T00:00:00.000","Race_eth_NHAsian","8020743","6","0","7737840","45.7","44.1","6.3","0"
"2021-10-18T00:00:00.000","Sex_known","199398548","0","99","172644030","0","0","0","99.2"
"2021-10-18T00:00:00.000","Race_eth_known","134641110","0","66.9","123488637","0","0","0","70.9"
"2021-10-18T00:00:00.000","Sex_Male","94730853","47.5","0","81806099","63.5","54.9","47.4","0"
"2021-10-18T00:00:00.000","Ages_75+_yrs","19887899","9.9","0","17459380","92.8","81.4","10","0"
"2021-10-18T00:00:00.000","Race_eth_NHAsian","8014722","6","0","7732043","45.7","44.1","6.3","0"
"2021-10-18T00:00:00.000","Ages_25-39_yrs","42659482","21.2","0","36153198","68.8","58.3","20.8","0"
"2021-10-18T00:00:00.000","Age_known","201368643","0","99","174064033","0","0","0","99"
"2021-10-18T00:00:00.000","Ages_16-17_yrs","4780631","2.4","0","4050475","63.2","53.6","2.3","0"
"2021-10-18T00:00:00.000","Ages_18-29_yrs","31737639","15.8","0","26367116","64.3","53.4","15.1","0"
"2021-10-18T00:00:00.000","Race_eth_unknown","66750446","49.6","0","50580737","0","0","41","0"
"2021-10-18T00:00:00.000","Race_eth_NHAIAN","1380352","1","0","1187263","59","50.7","1","0"
"2021-10-18T00:00:00.000","Ages_50-64_yrs","49425194","24.5","0","43739826","84.2","74.5","25.1","0"
"2021-10-18T00:00:00.000","US","201391556","0","0","174069374","0","0","0","0"
"2021-10-18T00:00:00.000","Ages_30-39_yrs","29095806","14.4","0","24813754","71.9","61.3","14.3","0"
"2021-10-18T00:00:00.000","Ages_<12yrs","205437","0.1","0","125859","0.5","0.3","0.1","0"
"2021-10-18T00:00:00.000","Ages_12-15_yrs","8518696","4.2","0","7004964","56","46","4","0"
"2021-10-18T00:00:00.000","Race_eth_NHNHOPI","429785","0.3","0","381922","48.2","42.8","0.3","0"
"2021-10-18T00:00:00.000","Sex_Female","104667695","52.5","0","90837931","68","59","52.6","0"
"2021-10-18T00:00:00.000","Race_eth_NHWhite","81102756","60.2","0","75427785","43.7","40.7","61.1","0"
"2021-10-18T00:00:00.000","Race_eth_Hispanic","23210886","17.2","0","20675332","44.4","39.6","16.7","0"
"2021-10-18T00:00:00.000","Ages_40-49_yrs","28535548","14.2","0","24794483","77","66.9","14.2","0"
"2021-10-18T00:00:00.000","Sex_unknown","1993008","1","0","1425344","0","0","0.8","0"
"2021-10-18T00:00:00.000","Ages_18-24_yrs","18173963","9","0","15027672","65.5","54.1","8.6","0"
"2021-10-18T00:00:00.000","Race_eth_NHMult_Oth","6244345","4.6","0","5473069","90.5","79.3","4.4","0"
"2021-10-18T00:00:00.000","Age_unknown","22913","0","0","5341","0","0","0","0"
"2021-10-18T00:00:00.000","Race_eth_NHBlack","14258264","10.6","0","12611223","37.9","33.5","10.2","0"
"2021-10-18T00:00:00.000","Ages_65-74_yrs","29181793","14.5","0","25708176","98.4","86.7","14.8","0"
"2021-10-18T00:00:00.000","Ages_<18yrs","13504764","6.7","0","11181298","20.4","16.9","6.4","0"
"2021-10-17T00:00:00.000","Age_known","201211432","0","99","173925241","0","0","0","99"
"2021-10-17T00:00:00.000","Race_eth_NHNHOPI","429354","0.3","0","381608","48.1","42.8","0.3","0"
"2021-10-17T00:00:00.000","Race_eth_Hispanic","23185509","17.2","0","20648759","44.4","39.5","16.7","0"
"2021-10-17T00:00:00.000","Ages_30-39_yrs","29069701","14.4","0","24787051","71.8","61.2","14.3","0"
"2021-10-17T00:00:00.000","Age_unknown","22901","0","0","5338","0","0","0","0"
"2021-10-17T00:00:00.000","US","201234333","0","0","173930579","0","0","0","0"
"2021-10-17T00:00:00.000","Ages_65-74_yrs","29160753","14.5","0","25699046","98.3","86.6","14.8","0"
"2021-10-17T00:00:00.000","Sex_known","199242226","0","99","172505813","0","0","0","99.2"
"2021-10-17T00:00:00.000","Sex_unknown","1992107","1","0","1424766","0","0","0.8","0"
"2021-10-17T00:00:00.000","Race_eth_NHAsian","8010128","6","0","7727880","45.7","44.1","6.3","0"
"2021-10-17T00:00:00.000","Ages_16-17_yrs","4776907","2.4","0","4045808","63.2","53.5","2.3","0"
"2021-10-17T00:00:00.000","Ages_75+_yrs","19873299","9.9","0","17454204","92.7","81.4","10","0"
"2021-10-17T00:00:00.000","Race_eth_NHBlack","14244985","10.6","0","12595475","37.8","33.5","10.2","0"
"2021-10-17T00:00:00.000","Ages_<12yrs","205415","0.1","0","125842","0.5","0.3","0.1","0"
"2021-10-17T00:00:00.000","Sex_Male","94654974","47.5","0","81739121","63.5","54.8","47.4","0"
"2021-10-17T00:00:00.000","Ages_50-64_yrs","49395429","24.5","0","43713486","84.1","74.5","25.1","0"
"2021-10-17T00:00:00.000","Ages_<18yrs","13490419","6.7","0","11163404","20.3","16.8","6.4","0"
"2021-10-17T00:00:00.000","Ages_18-29_yrs","31706446","15.8","0","26334909","64.2","53.4","15.1","0"
"2021-10-17T00:00:00.000","Ages_25-39_yrs","42619178","21.2","0","36112035","68.7","58.2","20.8","0"
"2021-10-17T00:00:00.000","Sex_Female","104587252","52.5","0","90766692","68","59","52.6","0"
"2021-10-17T00:00:00.000","Race_eth_NHMult_Oth","6239348","4.6","0","5467273","90.4","79.2","4.4","0"
"2021-10-17T00:00:00.000","Race_eth_unknown","66709543","49.6","0","50552521","0","0","41","0"
"2021-10-17T00:00:00.000","Ages_18-24_yrs","18156969","9","0","15009925","65.4","54.1","8.6","0"
"2021-10-17T00:00:00.000","Race_eth_known","134524790","0","66.8","123378058","0","0","0","70.9"
"2021-10-17T00:00:00.000","Race_eth_NHAIAN","1379324","1","0","1186358","58.9","50.7","1","0"
"2021-10-17T00:00:00.000","Race_eth_NHWhite","81036142","60.2","0","75370705","43.7","40.6","61.1","0"
"2021-10-17T00:00:00.000","Ages_40-49_yrs","28515385","14.2","0","24773141","76.9","66.8","14.2","0"
"2021-10-17T00:00:00.000","Ages_12-15_yrs","8508097","4.2","0","6991754","55.9","45.9","4","0"
"2021-10-16T00:00:00.000","Ages_75+_yrs","19853643","9.9","0","17443555","92.6","81.4","10","0"
"2021-10-16T00:00:00.000","Ages_65-74_yrs","29131153","14.5","0","25682011","98.2","86.6","14.8","0"
"2021-10-16T00:00:00.000","Ages_16-17_yrs","4771961","2.4","0","4039516","63.1","53.4","2.3","0"
"2021-10-16T00:00:00.000","Race_eth_NHMult_Oth","6231049","4.6","0","5457250","90.3","79.1","4.4","0"
"2021-10-16T00:00:00.000","Race_eth_unknown","66649786","49.6","0","50505740","0","0","41","0"
"2021-10-16T00:00:00.000","Ages_<12yrs","205367","0.1","0","125831","0.5","0.3","0.1","0"
"2021-10-16T00:00:00.000","Race_eth_NHBlack","14215963","10.6","0","12560825","37.8","33.4","10.2","0"
"2021-10-16T00:00:00.000","Sex_Male","94545062","47.5","0","81632314","63.4","54.7","47.4","0"
"2021-10-16T00:00:00.000","Ages_40-49_yrs","28483877","14.2","0","24739510","76.9","66.8","14.2","0"
"2021-10-16T00:00:00.000","Sex_unknown","1988553","1","0","1423582","0","0","0.8","0"
"2021-10-16T00:00:00.000","Age_unknown","22890","0","0","5334","0","0","0","0"
"2021-10-16T00:00:00.000","Ages_12-15_yrs","8495213","4.2","0","6974906","55.8","45.8","4","0"
"2021-10-16T00:00:00.000","Race_eth_NHWhite","80945533","60.2","0","75283278","43.6","40.6","61.1","0"
"2021-10-16T00:00:00.000","Race_eth_known","134352940","0","66.8","123199597","0","0","0","70.9"
"2021-10-16T00:00:00.000","Race_eth_Hispanic","23150998","17.2","0","20610611","44.3","39.5","16.7","0"
"2021-10-16T00:00:00.000","Ages_18-29_yrs","31659664","15.8","0","26281628","64.2","53.3","15.1","0"
"2021-10-16T00:00:00.000","US","201002726","0","0","173705337","0","0","0","0"
"2021-10-16T00:00:00.000","Ages_25-39_yrs","42556800","21.2","0","36043875","68.6","58.1","20.8","0"
"2021-10-16T00:00:00.000","Age_known","200979836","0","99","173700003","0","0","0","99"
"2021-10-16T00:00:00.000","Race_eth_NHAIAN","1377418","1","0","1184619","58.8","50.6","1","0"
"2021-10-16T00:00:00.000","Race_eth_NHNHOPI","428841","0.3","0","381103","48.1","42.7","0.3","0"
"2021-10-16T00:00:00.000","Ages_18-24_yrs","18131687","9","0","14980225","65.3","54","8.6","0"
"2021-10-16T00:00:00.000","Race_eth_NHAsian","8003138","6","0","7721911","45.6","44","6.3","0"
"2021-10-16T00:00:00.000","Ages_50-64_yrs","49350135","24.6","0","43670574","84.1","74.4","25.1","0"
"2021-10-16T00:00:00.000","Ages_30-39_yrs","29028823","14.4","0","24742472","71.7","61.1","14.2","0"
"2021-10-16T00:00:00.000","Sex_Female","104469111","52.5","0","90649441","67.9","58.9","52.6","0"
"2021-10-16T00:00:00.000","Ages_<18yrs","13472541","6.7","0","11140253","20.3","16.8","6.4","0"
"2021-10-16T00:00:00.000","Sex_known","199014173","0","99","172281755","0","0","0","99.2"
"2021-10-15T00:00:00.000","Age_known","200755013","0","99","173476815","0","0","0","99"
"2021-10-15T00:00:00.000","Ages_<18yrs","13452088","6.7","0","11116400","20.3","16.8","6.4","0"
"2021-10-15T00:00:00.000","Race_eth_unknown","66589461","49.6","0","50456252","0","0","41","0"
"2021-10-15T00:00:00.000","Ages_40-49_yrs","28453656","14.2","0","24706612","76.8","66.7","14.2","0"
"2021-10-15T00:00:00.000","Ages_50-64_yrs","49310195","24.6","0","43630743","84","74.3","25.1","0"
"2021-10-15T00:00:00.000","Sex_Female","104357519","52.5","0","90536547","67.8","58.8","52.6","0"
"2021-10-15T00:00:00.000","Race_eth_NHAIAN","1374937","1","0","1182434","58.7","50.5","1","0"
"2021-10-15T00:00:00.000","Ages_18-29_yrs","31609909","15.7","0","26225599","64","53.1","15.1","0"
"2021-10-15T00:00:00.000","US","200777890","0","0","173482143","0","0","0","0"
"2021-10-15T00:00:00.000","Ages_12-15_yrs","8480761","4.2","0","6958088","55.7","45.7","4","0"
"2021-10-15T00:00:00.000","Ages_65-74_yrs","29104957","14.5","0","25665470","98.1","86.5","14.8","0"
"2021-10-15T00:00:00.000","Race_eth_NHNHOPI","428202","0.3","0","380450","48","42.7","0.3","0"
"2021-10-15T00:00:00.000","Ages_16-17_yrs","4766173","2.4","0","4032502","63.1","53.3","2.3","0"
"2021-10-15T00:00:00.000","Ages_<12yrs","205154","0.1","0","125810","0.5","0.3","0.1","0"
"2021-10-15T00:00:00.000","Race_eth_NHWhite","80867379","60.3","0","75202119","43.6","40.6","61.1","0"
"2021-10-15T00:00:00.000","Sex_known","198792434","0","99","172059837","0","0","0","99.2"
"2021-10-15T00:00:00.000","Race_eth_Hispanic","23109087","17.2","0","20567706","44.3","39.4","16.7","0"
"2021-10-15T00:00:00.000","Race_eth_known","134188429","0","66.8","123025891","0","0","0","70.9"
"2021-10-15T00:00:00.000","Race_eth_NHAsian","7995623","6","0","7715605","45.6","44","6.3","0"
"2021-10-15T00:00:00.000","Ages_30-39_yrs","28988787","14.4","0","24698681","71.6","61","14.2","0"
"2021-10-15T00:00:00.000","Age_unknown","22877","0","0","5328","0","0","0","0"
"2021-10-15T00:00:00.000","Sex_Male","94434915","47.5","0","81523290","63.3","54.7","47.4","0"
"2021-10-15T00:00:00.000","Sex_unknown","1985456","1","0","1422306","0","0","0.8","0"
"2021-10-15T00:00:00.000","Race_eth_NHMult_Oth","6223091","4.6","0","5447557","90.2","78.9","4.4","0"
"2021-10-15T00:00:00.000","Race_eth_NHBlack","14190110","10.6","0","12530020","37.7","33.3","10.2","0"
"2021-10-15T00:00:00.000","Ages_25-39_yrs","42494491","21.2","0","35975921","68.5","58","20.7","0"
"2021-10-15T00:00:00.000","Ages_18-24_yrs","18104205","9","0","14948359","65.2","53.8","8.6","0"
"2021-10-15T00:00:00.000","Ages_75+_yrs","19835421","9.9","0","17433310","92.5","81.3","10","0"
"2021-10-14T00:00:00.000","Race_eth_NHMult_Oth","6209749","4.6","0","5432203","90","78.7","4.4","0"
"2021-10-14T00:00:00.000","Race_eth_NHAIAN","1372042","1","0","1179486","58.6","50.4","1","0"
"2021-10-14T00:00:00.000","Ages_<18yrs","13423572","6.7","0","11079974","20.2","16.7","6.4","0"
"2021-10-14T00:00:00.000","Age_unknown","22864","0","0","5320","0","0","0","0"
"2021-10-14T00:00:00.000","Ages_65-74_yrs","29062363","14.5","0","25638262","98","86.4","14.8","0"
"2021-10-14T00:00:00.000","Ages_25-39_yrs","42396663","21.2","0","35867610","68.3","57.8","20.7","0"
"2021-10-14T00:00:00.000","Race_eth_NHNHOPI","427424","0.3","0","379582","47.9","42.6","0.3","0"
"2021-10-14T00:00:00.000","Ages_18-24_yrs","18063281","9","0","14898931","65.1","53.7","8.6","0"
"2021-10-14T00:00:00.000","Race_eth_unknown","66498337","49.7","0","50380614","0","0","41","0"
"2021-10-14T00:00:00.000","Sex_Male","94270247","47.5","0","81351172","63.2","54.6","47.4","0"
"2021-10-14T00:00:00.000","Race_eth_known","133932548","0","66.8","122748942","0","0","0","70.9"
"2021-10-14T00:00:00.000","Ages_75+_yrs","19807370","9.9","0","17416676","92.4","81.2","10.1","0"
"2021-10-14T00:00:00.000","Ages_12-15_yrs","8460906","4.2","0","6932679","55.6","45.5","4","0"
"2021-10-14T00:00:00.000","Ages_16-17_yrs","4757670","2.4","0","4021518","62.9","53.2","2.3","0"
"2021-10-14T00:00:00.000","US","200430885","0","0","173129556","0","0","0","0"
"2021-10-14T00:00:00.000","Ages_40-49_yrs","28407179","14.2","0","24655052","76.7","66.5","14.2","0"
"2021-10-14T00:00:00.000","Race_eth_Hispanic","23048355","17.2","0","20498992","44.1","39.3","16.7","0"
"2021-10-14T00:00:00.000","Race_eth_NHWhite","80751492","60.3","0","75082692","43.5","40.5","61.2","0"
"2021-10-14T00:00:00.000","Race_eth_NHBlack","14139802","10.6","0","12472965","37.6","33.1","10.2","0"
"2021-10-14T00:00:00.000","Ages_30-39_yrs","28924957","14.4","0","24628348","71.4","60.8","14.2","0"
"2021-10-14T00:00:00.000","Sex_unknown","1981279","1","0","1420241","0","0","0.8","0"
"2021-10-14T00:00:00.000","Ages_<12yrs","204996","0.1","0","125777","0.5","0.3","0.1","0"
"2021-10-14T00:00:00.000","Sex_known","198449606","0","99","171709315","0","0","0","99.2"
"2021-10-14T00:00:00.000","Ages_18-29_yrs","31534987","15.7","0","26138193","63.9","53","15.1","0"
"2021-10-14T00:00:00.000","Ages_50-64_yrs","49247593","24.6","0","43567731","83.9","74.2","25.2","0"
"2021-10-14T00:00:00.000","Sex_Female","104179359","52.5","0","90358143","67.7","58.7","52.6","0"
"2021-10-14T00:00:00.000","Age_known","200408021","0","99","173124236","0","0","0","99"
"2021-10-14T00:00:00.000","Race_eth_NHAsian","7983684","6","0","7703022","45.5","43.9","6.3","0"
"2021-10-13T00:00:00.000","Sex_Male","94110103","47.5","0","81170132","63.1","54.4","47.4","0"
"2021-10-13T00:00:00.000","Ages_75+_yrs","19777611","9.9","0","17404298","92.3","81.2","10.1","0"
"2021-10-13T00:00:00.000","Sex_known","198146253","0","99","171388279","0","0","0","99.2"
"2021-10-13T00:00:00.000","Ages_30-39_yrs","28871384","14.4","0","24563451","71.3","60.7","14.2","0"
"2021-10-13T00:00:00.000","Ages_40-49_yrs","28369517","14.2","0","24613649","76.6","66.4","14.2","0"
"2021-10-13T00:00:00.000","Ages_18-24_yrs","18022274","9","0","14832940","64.9","53.4","8.6","0"
"2021-10-13T00:00:00.000","Ages_50-64_yrs","49197379","24.6","0","43520115","83.8","74.1","25.2","0"
"2021-10-13T00:00:00.000","Ages_16-17_yrs","4750592","2.4","0","4012279","62.8","53.1","2.3","0"
"2021-10-13T00:00:00.000","Race_eth_NHBlack","14111239","10.6","0","12436157","37.5","33","10.1","0"
"2021-10-13T00:00:00.000","Race_eth_unknown","66383090","49.6","0","50275635","0","0","41","0"
"2021-10-13T00:00:00.000","Race_eth_NHWhite","80644990","60.3","0","74964592","43.5","40.4","61.2","0"
"2021-10-13T00:00:00.000","Ages_65-74_yrs","29021034","14.5","0","25618053","97.8","86.4","14.8","0"
"2021-10-13T00:00:00.000","Age_unknown","22804","0","0","5307","0","0","0","0"
"2021-10-13T00:00:00.000","Ages_25-39_yrs","42312300","21.1","0","35761157","68.2","57.6","20.7","0"
"2021-10-13T00:00:00.000","Race_eth_Hispanic","23009140","17.2","0","20457403","44.1","39.2","16.7","0"
"2021-10-13T00:00:00.000","Race_eth_NHAsian","7976328","6","0","7695725","45.5","43.9","6.3","0"
"2021-10-13T00:00:00.000","Ages_18-29_yrs","31463190","15.7","0","26030646","63.8","52.7","15.1","0"
"2021-10-13T00:00:00.000","Race_eth_known","133739259","0","66.8","122530497","0","0","0","70.9"
"2021-10-13T00:00:00.000","Age_known","200099545","0","99","172800825","0","0","0","99"
"2021-10-13T00:00:00.000","Ages_<18yrs","13399430","6.7","0","11050613","20.2","16.7","6.4","0"
"2021-10-13T00:00:00.000","Race_eth_NHAIAN","1369934","1","0","1177310","58.5","50.3","1","0"
"2021-10-13T00:00:00.000","Sex_Female","104036150","52.5","0","90218147","67.6","58.6","52.6","0"
"2021-10-13T00:00:00.000","Ages_12-15_yrs","8444084","4.2","0","6912600","55.5","45.4","4","0"
"2021-10-13T00:00:00.000","Sex_unknown","1976096","1","0","1417853","0","0","0.8","0"
"2021-10-13T00:00:00.000","Race_eth_NHMult_Oth","6201002","4.6","0","5420924","89.9","78.6","4.4","0"
"2021-10-13T00:00:00.000","Ages_<12yrs","204754","0.1","0","125734","0.5","0.3","0.1","0"
"2021-10-13T00:00:00.000","US","200122349","0","0","172806132","0","0","0","0"
"2021-10-13T00:00:00.000","Race_eth_NHNHOPI","426626","0.3","0","378386","47.8","42.4","0.3","0"
"2021-10-12T00:00:00.000","Age_unknown","22776","0","0","5301","0","0","0","0"
"2021-10-12T00:00:00.000","Ages_16-17_yrs","4745272","2.4","0","4005372","62.8","53","2.3","0"
"2021-10-12T00:00:00.000","Race_eth_unknown","66335592","49.7","0","50238999","0","0","41.1","0"
"2021-10-12T00:00:00.000","Race_eth_NHBlack","14088740","10.5","0","12411145","37.4","33","10.1","0"
"2021-10-12T00:00:00.000","Ages_30-39_yrs","28836480","14.4","0","24525653","71.2","60.6","14.2","0"
"2021-10-12T00:00:00.000","Race_eth_NHNHOPI","426051","0.3","0","377665","47.8","42.3","0.3","0"
"2021-10-12T00:00:00.000","Ages_65-74_yrs","28994340","14.5","0","25602361","97.8","86.3","14.8","0"
"2021-10-12T00:00:00.000","Sex_unknown","1974583","1","0","1416769","0","0","0.8","0"
"2021-10-12T00:00:00.000","Sex_Female","103931528","52.5","0","90114865","67.5","58.6","52.6","0"
"2021-10-12T00:00:00.000","Ages_<12yrs","204566","0.1","0","125696","0.5","0.3","0.1","0"
"2021-10-12T00:00:00.000","US","199918670","0","0","172605838","0","0","0","0"
"2021-10-12T00:00:00.000","Ages_75+_yrs","19759847","9.9","0","17395008","92.2","81.1","10.1","0"
"2021-10-12T00:00:00.000","Race_eth_NHAIAN","1368597","1","0","1175933","58.5","50.2","1","0"
"2021-10-12T00:00:00.000","Race_eth_known","133583078","0","66.8","122366839","0","0","0","70.9"
"2021-10-12T00:00:00.000","Sex_known","197944087","0","99","171189069","0","0","0","99.2"
"2021-10-12T00:00:00.000","Race_eth_NHAsian","7970263","6","0","7690308","45.4","43.8","6.3","0"
"2021-10-12T00:00:00.000","Race_eth_NHWhite","80565960","60.3","0","74883718","43.4","40.4","61.2","0"
"2021-10-12T00:00:00.000","Race_eth_NHMult_Oth","6193388","4.6","0","5411930","89.8","78.4","4.4","0"
"2021-10-12T00:00:00.000","Ages_<18yrs","13379187","6.7","0","11026590","20.2","16.6","6.4","0"
"2021-10-12T00:00:00.000","Sex_Male","94012559","47.5","0","81074204","63.1","54.4","47.4","0"
"2021-10-12T00:00:00.000","Ages_40-49_yrs","28342400","14.2","0","24582714","76.5","66.3","14.2","0"
"2021-10-12T00:00:00.000","Age_known","199895894","0","99","172600537","0","0","0","99"
"2021-10-12T00:00:00.000","Ages_18-29_yrs","31423003","15.7","0","25986465","63.7","52.7","15.1","0"
"2021-10-12T00:00:00.000","Ages_25-39_yrs","42258937","21.1","0","35703814","68.1","57.5","20.7","0"
"2021-10-12T00:00:00.000","Race_eth_Hispanic","22970079","17.2","0","20416140","44","39.1","16.7","0"
"2021-10-12T00:00:00.000","Ages_18-24_yrs","18000546","9","0","14808304","64.8","53.3","8.6","0"
"2021-10-12T00:00:00.000","Ages_50-64_yrs","49160637","24.6","0","43481746","83.7","74.1","25.2","0"
"2021-10-12T00:00:00.000","Ages_12-15_yrs","8429349","4.2","0","6895522","55.4","45.3","4","0"
"2021-10-11T00:00:00.000","Ages_<12yrs","204540","0.1","0","125690","0.5","0.3","0.1","0"
"2021-10-11T00:00:00.000","Age_known","199765833","0","99","172474383","0","0","0","99"
"2021-10-11T00:00:00.000","Ages_18-29_yrs","31398471","15.7","0","25958541","63.6","52.6","15.1","0"
"2021-10-11T00:00:00.000","Race_eth_unknown","66302648","49.7","0","50214772","0","0","41.1","0"
"2021-10-11T00:00:00.000","Ages_30-39_yrs","28815150","14.4","0","24502061","71.2","60.5","14.2","0"
"2021-10-11T00:00:00.000","Ages_40-49_yrs","28325157","14.2","0","24562691","76.4","66.3","14.2","0"
"2021-10-11T00:00:00.000","Sex_Female","103864506","52.5","0","90050168","67.5","58.5","52.6","0"
"2021-10-11T00:00:00.000","Ages_16-17_yrs","4742063","2.4","0","4000784","62.7","52.9","2.3","0"
"2021-10-11T00:00:00.000","Ages_12-15_yrs","8420885","4.2","0","6883269","55.3","45.2","4","0"
"2021-10-11T00:00:00.000","Race_eth_NHAsian","7966655","6","0","7686905","45.4","43.8","6.3","0"
"2021-10-11T00:00:00.000","Sex_known","197814633","0","99","171063311","0","0","0","99.2"
"2021-10-11T00:00:00.000","Ages_18-24_yrs","17987234","9","0","14792941","64.8","53.3","8.6","0"
"2021-10-11T00:00:00.000","Ages_25-39_yrs","42226387","21.1","0","35667661","68.1","57.5","20.7","0"
"2021-10-11T00:00:00.000","Ages_65-74_yrs","28975681","14.5","0","25593991","97.7","86.3","14.8","0"
"2021-10-11T00:00:00.000","Ages_<18yrs","13367488","6.7","0","11009743","20.2","16.6","6.4","0"
"2021-10-11T00:00:00.000","Race_eth_Hispanic","22952068","17.2","0","20395423","44","39.1","16.7","0"
"2021-10-11T00:00:00.000","Race_eth_known","133485955","0","66.8","122264910","0","0","0","70.9"
"2021-10-11T00:00:00.000","US","199788603","0","0","172479682","0","0","0","0"
"2021-10-11T00:00:00.000","Race_eth_NHMult_Oth","6189126","4.6","0","5406389","89.7","78.4","4.4","0"
"2021-10-11T00:00:00.000","Age_unknown","22770","0","0","5299","0","0","0","0"
"2021-10-11T00:00:00.000","Sex_Male","93950127","47.5","0","81013143","63","54.3","47.4","0"
"2021-10-11T00:00:00.000","Race_eth_NHNHOPI","425657","0.3","0","377182","47.7","42.3","0.3","0"
"2021-10-11T00:00:00.000","Race_eth_NHBlack","14075060","10.5","0","12396308","37.4","32.9","10.1","0"
"2021-10-11T00:00:00.000","Race_eth_NHWhite","80509695","60.3","0","74827596","43.4","40.4","61.2","0"
"2021-10-11T00:00:00.000","Ages_75+_yrs","19747314","9.9","0","17390482","92.1","81.1","10.1","0"
"2021-10-11T00:00:00.000","Race_eth_NHAIAN","1367694","1","0","1175107","58.4","50.2","1","0"
"2021-10-11T00:00:00.000","Ages_50-64_yrs","49136572","24.6","0","43456874","83.7","74","25.2","0"
"2021-10-11T00:00:00.000","Sex_unknown","1973970","1","0","1416371","0","0","0.8","0"
"2021-10-10T00:00:00.000","Race_eth_NHWhite","80445279","60.3","0","74770208","43.4","40.3","61.2","0"
"2021-10-10T00:00:00.000","Race_eth_NHNHOPI","425353","0.3","0","376889","47.7","42.3","0.3","0"
"2021-10-10T00:00:00.000","Ages_16-17_yrs","4738453","2.4","0","3995727","62.7","52.9","2.3","0"
"2021-10-10T00:00:00.000","Race_eth_NHAIAN","1366587","1","0","1174052","58.4","50.1","1","0"
"2021-10-10T00:00:00.000","Race_eth_unknown","66267412","49.7","0","50187846","0","0","41.1","0"
"2021-10-10T00:00:00.000","Ages_40-49_yrs","28305745","14.2","0","24541546","76.4","66.2","14.2","0"
"2021-10-10T00:00:00.000","Ages_65-74_yrs","28953478","14.5","0","25584495","97.6","86.3","14.8","0"
"2021-10-10T00:00:00.000","Ages_50-64_yrs","49108821","24.6","0","43430585","83.7","74","25.2","0"
"2021-10-10T00:00:00.000","Ages_<18yrs","13353176","6.7","0","10990074","20.1","16.6","6.4","0"
"2021-10-10T00:00:00.000","Ages_18-24_yrs","17973097","9","0","14776704","64.7","53.2","8.6","0"
"2021-10-10T00:00:00.000","Race_eth_NHBlack","14061238","10.5","0","12380928","37.3","32.9","10.1","0"
"2021-10-10T00:00:00.000","Age_unknown","22765","0","0","5296","0","0","0","0"
"2021-10-10T00:00:00.000","Ages_18-29_yrs","31371778","15.7","0","25928958","63.6","52.5","15","0"
"2021-10-10T00:00:00.000","Sex_known","197667544","0","99","170926136","0","0","0","99.2"
"2021-10-10T00:00:00.000","US","199640483","0","0","172342003","0","0","0","0"
"2021-10-10T00:00:00.000","Race_eth_NHAsian","7962228","6","0","7682847","45.4","43.8","6.3","0"
"2021-10-10T00:00:00.000","Ages_25-39_yrs","42189942","21.1","0","35628216","68","57.4","20.7","0"
"2021-10-10T00:00:00.000","Sex_Male","93880785","47.5","0","80948408","63","54.3","47.4","0"
"2021-10-10T00:00:00.000","Race_eth_Hispanic","22928735","17.2","0","20369018","43.9","39","16.7","0"
"2021-10-10T00:00:00.000","Ages_12-15_yrs","8410220","4.2","0","6868666","55.2","45.1","4","0"
"2021-10-10T00:00:00.000","Ages_<12yrs","204503","0.1","0","125681","0.5","0.3","0.1","0"
"2021-10-10T00:00:00.000","Age_known","199617718","0","99","172336707","0","0","0","99"
"2021-10-10T00:00:00.000","Race_eth_NHMult_Oth","6183651","4.6","0","5400215","89.6","78.3","4.4","0"
"2021-10-10T00:00:00.000","Sex_unknown","1972939","1","0","1415867","0","0","0.8","0"
"2021-10-10T00:00:00.000","Race_eth_known","133373071","0","66.8","122154157","0","0","0","70.9"
"2021-10-10T00:00:00.000","Ages_75+_yrs","19733459","9.9","0","17385087","92","81.1","10.1","0"
"2021-10-10T00:00:00.000","Sex_Female","103786759","52.5","0","89977728","67.4","58.5","52.6","0"
"2021-10-10T00:00:00.000","Ages_30-39_yrs","28791261","14.4","0","24475962","71.1","60.5","14.2","0"
"2021-10-09T00:00:00.000","Race_eth_Hispanic","22889889","17.2","0","20330258","43.8","38.9","16.7","0"
"2021-10-09T00:00:00.000","Race_eth_NHMult_Oth","6176005","4.6","0","5391655","89.5","78.1","4.4","0"
"2021-10-09T00:00:00.000","Ages_65-74_yrs","28928707","14.5","0","25570165","97.5","86.2","14.9","0"
"2021-10-09T00:00:00.000","Ages_<12yrs","204413","0.1","0","125659","0.5","0.3","0.1","0"
"2021-10-09T00:00:00.000","Ages_12-15_yrs","8395211","4.2","0","6850157","55.2","45","4","0"
"2021-10-09T00:00:00.000","Ages_25-39_yrs","42137507","21.1","0","35575205","67.9","57.3","20.7","0"
"2021-10-09T00:00:00.000","Race_eth_NHNHOPI","424499","0.3","0","376050","47.6","42.2","0.3","0"
"2021-10-09T00:00:00.000","Ages_30-39_yrs","28756798","14.4","0","24440947","71","60.4","14.2","0"
"2021-10-09T00:00:00.000","Age_known","199418249","0","99","172149866","0","0","0","99"
"2021-10-09T00:00:00.000","Race_eth_NHAIAN","1364405","1","0","1172114","58.3","50.1","1","0"
"2021-10-09T00:00:00.000","Sex_known","197471442","0","99","170740083","0","0","0","99.2"
"2021-10-09T00:00:00.000","Race_eth_known","133225354","0","66.8","122006456","0","0","0","70.9"
"2021-10-09T00:00:00.000","US","199440993","0","0","172155159","0","0","0","0"
"2021-10-09T00:00:00.000","Ages_50-64_yrs","49072895","24.6","0","43396406","83.6","73.9","25.2","0"
"2021-10-09T00:00:00.000","Ages_<18yrs","13331583","6.7","0","10963997","20.1","16.5","6.4","0"
"2021-10-09T00:00:00.000","Race_eth_NHAsian","7954031","6","0","7676132","45.3","43.8","6.3","0"
"2021-10-09T00:00:00.000","Race_eth_NHWhite","80373040","60.3","0","74698235","43.3","40.3","61.2","0"
"2021-10-09T00:00:00.000","Ages_16-17_yrs","4731959","2.4","0","3988181","62.6","52.8","2.3","0"
"2021-10-09T00:00:00.000","Ages_18-29_yrs","31332851","15.7","0","25888401","63.5","52.5","15","0"
"2021-10-09T00:00:00.000","Ages_75+_yrs","19716794","9.9","0","17376329","92","81.1","10.1","0"
"2021-10-09T00:00:00.000","Ages_40-49_yrs","28278621","14.2","0","24513621","76.3","66.1","14.2","0"
"2021-10-09T00:00:00.000","Race_eth_NHBlack","14043485","10.5","0","12362012","37.3","32.8","10.1","0"
"2021-10-09T00:00:00.000","Ages_18-24_yrs","17952142","9","0","14754143","64.7","53.1","8.6","0"
"2021-10-09T00:00:00.000","Sex_Male","93786107","47.5","0","80860263","62.9","54.2","47.4","0"
"2021-10-09T00:00:00.000","Race_eth_unknown","66215639","49.7","0","50148703","0","0","41.1","0"
"2021-10-09T00:00:00.000","Age_unknown","22744","0","0","5293","0","0","0","0"
"2021-10-09T00:00:00.000","Sex_Female","103685335","52.5","0","89879820","67.4","58.4","52.6","0"
"2021-10-09T00:00:00.000","Sex_unknown","1969551","1","0","1415076","0","0","0.8","0"
"2021-10-08T00:00:00.000","Race_eth_NHAsian","7945590","6","0","7669344","45.3","43.7","6.3","0"
"2021-10-08T00:00:00.000","Race_eth_known","133000648","0","66.8","121789332","0","0","0","70.9"
"2021-10-08T00:00:00.000","Race_eth_NHNHOPI","423706","0.3","0","375213","47.5","42.1","0.3","0"
"2021-10-08T00:00:00.000","Ages_75+_yrs","19686664","9.9","0","17361740","91.8","81","10.1","0"
"2021-10-08T00:00:00.000","Ages_12-15_yrs","8379151","4.2","0","6828320","55","44.9","4","0"
"2021-10-08T00:00:00.000","Ages_18-24_yrs","17921775","9","0","14720445","64.6","53","8.6","0"
"2021-10-08T00:00:00.000","Ages_50-64_yrs","49018664","24.6","0","43344514","83.5","73.8","25.2","0"
"2021-10-08T00:00:00.000","Ages_25-39_yrs","42063562","21.1","0","35498426","67.8","57.2","20.7","0"
"2021-10-08T00:00:00.000","Ages_40-49_yrs","28240192","14.2","0","24472630","76.2","66","14.2","0"
"2021-10-08T00:00:00.000","US","199146528","0","0","171882762","0","0","0","0"
"2021-10-08T00:00:00.000","Race_eth_Hispanic","22846258","17.2","0","20289077","43.8","38.9","16.7","0"
"2021-10-08T00:00:00.000","Race_eth_unknown","66145880","49.7","0","50093430","0","0","41.1","0"
"2021-10-08T00:00:00.000","Ages_65-74_yrs","28884842","14.5","0","25546525","97.4","86.1","14.9","0"
"2021-10-08T00:00:00.000","Sex_known","197181227","0","99","170469655","0","0","0","99.2"
"2021-10-08T00:00:00.000","Ages_30-39_yrs","28708197","14.4","0","24390314","70.9","60.2","14.2","0"
"2021-10-08T00:00:00.000","Sex_Female","103534353","52.5","0","89737980","67.3","58.3","52.6","0"
"2021-10-08T00:00:00.000","Race_eth_NHBlack","14009629","10.5","0","12326006","37.2","32.7","10.1","0"
"2021-10-08T00:00:00.000","Race_eth_NHWhite","80248972","60.3","0","74581196","43.3","40.2","61.2","0"
"2021-10-08T00:00:00.000","Race_eth_NHMult_Oth","6165162","4.6","0","5379381","89.3","78","4.4","0"
"2021-10-08T00:00:00.000","Ages_<18yrs","13308115","6.7","0","10933219","20.1","16.5","6.4","0"
"2021-10-08T00:00:00.000","Ages_<12yrs","204275","0.1","0","125636","0.5","0.3","0.1","0"
"2021-10-08T00:00:00.000","Sex_unknown","1965301","1","0","1413107","0","0","0.8","0"
"2021-10-08T00:00:00.000","Ages_18-29_yrs","31277140","15.7","0","25828557","63.4","52.3","15","0"
"2021-10-08T00:00:00.000","Race_eth_NHAIAN","1361331","1","0","1169115","58.1","49.9","1","0"
"2021-10-08T00:00:00.000","Ages_16-17_yrs","4724689","2.4","0","3979263","62.5","52.6","2.3","0"
"2021-10-08T00:00:00.000","Age_known","199123814","0","99","171877499","0","0","0","99"
"2021-10-08T00:00:00.000","Age_unknown","22714","0","0","5263","0","0","0","0"
"2021-10-08T00:00:00.000","Sex_Male","93646874","47.5","0","80731675","62.8","54.1","47.4","0"
"2021-10-07T00:00:00.000","Race_eth_NHMult_Oth","6032219","4.6","0","5273868","87.4","76.4","4.4","0"
"2021-10-07T00:00:00.000","Race_eth_NHNHOPI","422065","0.3","0","374191","47.3","42","0.3","0"
"2021-10-07T00:00:00.000","Race_eth_NHAsian","7895230","6","0","7647941","45","43.6","6.3","0"
"2021-10-07T00:00:00.000","Sex_Female","103387412","52.5","0","89592570","67.2","58.2","52.6","0"
"2021-10-07T00:00:00.000","Sex_unknown","1961867","1","0","1411581","0","0","0.8","0"
"2021-10-07T00:00:00.000","Sex_known","196897414","0","99","170194157","0","0","0","99.2"
"2021-10-07T00:00:00.000","US","198859281","0","0","171605738","0","0","0","0"
"2021-10-07T00:00:00.000","Ages_18-29_yrs","31221721","15.7","0","25765224","63.3","52.2","15","0"
"2021-10-07T00:00:00.000","Ages_<12yrs","204172","0.1","0","125604","0.5","0.3","0.1","0"
"2021-10-07T00:00:00.000","Ages_75+_yrs","19655332","9.9","0","17346269","91.7","80.9","10.1","0"
"2021-10-07T00:00:00.000","Race_eth_NHAIAN","1350135","1","0","1162381","57.7","49.6","1","0"
"2021-10-07T00:00:00.000","Ages_16-17_yrs","4717945","2.4","0","3970525","62.4","52.5","2.3","0"
"2021-10-07T00:00:00.000","Ages_12-15_yrs","8363503","4.2","0","6808158","54.9","44.7","4","0"
"2021-10-07T00:00:00.000","Ages_40-49_yrs","28204395","14.2","0","24431335","76.1","65.9","14.2","0"
"2021-10-07T00:00:00.000","Race_eth_unknown","67964118","51.9","0","50934495","0","0","42.2","0"
"2021-10-07T00:00:00.000","Ages_18-24_yrs","17891342","9","0","14685385","64.4","52.9","8.6","0"
"2021-10-07T00:00:00.000","Race_eth_NHBlack","13824195","10.6","0","12232368","36.7","32.5","10.1","0"
"2021-10-07T00:00:00.000","Race_eth_known","130895163","0","65.8","120671243","0","0","0","70.3"
"2021-10-07T00:00:00.000","Race_eth_Hispanic","22721164","17.4","0","20214361","43.5","38.7","16.8","0"
"2021-10-07T00:00:00.000","Ages_<18yrs","13285620","6.7","0","10904287","20","16.4","6.4","0"
"2021-10-07T00:00:00.000","Ages_65-74_yrs","28839155","14.5","0","25522378","97.2","86","14.9","0"
"2021-10-07T00:00:00.000","Age_unknown","22639","0","0","5257","0","0","0","0"
"2021-10-07T00:00:00.000","Ages_50-64_yrs","48969063","24.6","0","43293700","83.4","73.8","25.2","0"
"2021-10-07T00:00:00.000","Sex_Male","93510002","47.5","0","80601587","62.7","54.1","47.4","0"
"2021-10-07T00:00:00.000","Age_known","198836642","0","99","171600481","0","0","0","99"
"2021-10-07T00:00:00.000","Ages_25-39_yrs","41991735","21.1","0","35417127","67.7","57.1","20.6","0"
"2021-10-07T00:00:00.000","Ages_30-39_yrs","28661356","14.4","0","24337288","70.8","60.1","14.2","0"
"2021-10-07T00:00:00.000","Race_eth_NHWhite","78650155","60.1","0","73766133","42.4","39.8","61.1","0"
"2021-10-06T00:00:00.000","Ages_<18yrs","13268430","6.7","0","10882632","20","16.4","6.3","0"
"2021-10-06T00:00:00.000","Race_eth_NHAIAN","1347782","1","0","1160240","57.6","49.6","1","0"
"2021-10-06T00:00:00.000","Race_eth_Hispanic","22685209","17.4","0","20175740","43.4","38.6","16.7","0"
"2021-10-06T00:00:00.000","Race_eth_NHAsian","7888205","6","0","7641840","45","43.6","6.3","0"
"2021-10-06T00:00:00.000","Sex_known","196677821","0","99","170000051","0","0","0","99.2"
"2021-10-06T00:00:00.000","Race_eth_NHNHOPI","421195","0.3","0","373208","47.2","41.8","0.3","0"
"2021-10-06T00:00:00.000","Sex_Female","103272051","52.5","0","89490623","67.1","58.2","52.6","0"
"2021-10-06T00:00:00.000","Ages_30-39_yrs","28623844","14.4","0","24300484","70.7","60","14.2","0"
"2021-10-06T00:00:00.000","Ages_16-17_yrs","4712727","2.4","0","3963968","62.3","52.4","2.3","0"
"2021-10-06T00:00:00.000","Ages_<12yrs","204120","0.1","0","125575","0.5","0.3","0.1","0"
"2021-10-06T00:00:00.000","Ages_65-74_yrs","28804755","14.5","0","25504772","97.1","86","14.9","0"
"2021-10-06T00:00:00.000","Race_eth_NHBlack","13801214","10.6","0","12210904","36.7","32.4","10.1","0"
"2021-10-06T00:00:00.000","Ages_12-15_yrs","8351583","4.2","0","6793089","54.9","44.6","4","0"
"2021-10-06T00:00:00.000","Ages_25-39_yrs","41934253","21.1","0","35361723","67.6","57","20.6","0"
"2021-10-06T00:00:00.000","Race_eth_known","130721971","0","65.8","120513821","0","0","0","70.3"
"2021-10-06T00:00:00.000","US","198636141","0","0","171410351","0","0","0","0"
"2021-10-06T00:00:00.000","Sex_Male","93405770","47.5","0","80509428","62.6","54","47.4","0"
"2021-10-06T00:00:00.000","Ages_50-64_yrs","48929161","24.6","0","43256333","83.4","73.7","25.2","0"
"2021-10-06T00:00:00.000","Ages_18-24_yrs","17869114","9","0","14662198","64.4","52.8","8.6","0"
"2021-10-06T00:00:00.000","Race_eth_NHWhite","78554297","60.1","0","73686362","42.4","39.7","61.1","0"
"2021-10-06T00:00:00.000","Ages_18-29_yrs","31179523","15.7","0","25723437","63.2","52.1","15","0"
"2021-10-06T00:00:00.000","Age_unknown","22615","0","0","5244","0","0","0","0"
"2021-10-06T00:00:00.000","Race_eth_NHMult_Oth","6024069","4.6","0","5265527","87.3","76.3","4.4","0"
"2021-10-06T00:00:00.000","Age_known","198613526","0","99","171405107","0","0","0","99"
"2021-10-06T00:00:00.000","Sex_unknown","1958320","1","0","1410300","0","0","0.8","0"
"2021-10-06T00:00:00.000","Ages_40-49_yrs","28175558","14.2","0","24402185","76","65.8","14.2","0"
"2021-10-06T00:00:00.000","Ages_75+_yrs","19632255","9.9","0","17335264","91.6","80.9","10.1","0"
"2021-10-06T00:00:00.000","Race_eth_unknown","67914170","52","0","50896530","0","0","42.2","0"
"2021-10-05T00:00:00.000","Race_eth_NHBlack","13767736","10.5","0","12169558","36.6","32.3","10.1","0"
"2021-10-05T00:00:00.000","Sex_Male","93282573","47.5","0","80364116","62.6","53.9","47.4","0"
"2021-10-05T00:00:00.000","Ages_65-74_yrs","28763713","14.5","0","25478360","97","85.9","14.9","0"
"2021-10-05T00:00:00.000","Ages_25-39_yrs","41870134","21.1","0","35276572","67.5","56.9","20.6","0"
"2021-10-05T00:00:00.000","Ages_18-29_yrs","31132225","15.7","0","25661633","63.1","52","15","0"
"2021-10-05T00:00:00.000","Race_eth_NHNHOPI","420468","0.3","0","372219","47.1","41.7","0.3","0"
"2021-10-05T00:00:00.000","Race_eth_unknown","67853206","52","0","50839761","0","0","42.3","0"
"2021-10-05T00:00:00.000","Ages_75+_yrs","19604459","9.9","0","17320579","91.4","80.8","10.1","0"
"2021-10-05T00:00:00.000","US","198373531","0","0","171101898","0","0","0","0"
"2021-10-05T00:00:00.000","Race_eth_NHAIAN","1345366","1","0","1157747","57.5","49.5","1","0"
"2021-10-05T00:00:00.000","Ages_30-39_yrs","28581199","14.4","0","24242968","70.6","59.9","14.2","0"
"2021-10-05T00:00:00.000","Ages_50-64_yrs","48881827","24.6","0","43189968","83.3","73.6","25.2","0"
"2021-10-05T00:00:00.000","Sex_Female","103136238","52.5","0","89328931","67","58","52.6","0"
"2021-10-05T00:00:00.000","Race_eth_NHWhite","78442791","60.1","0","73543030","42.3","39.7","61.2","0"
"2021-10-05T00:00:00.000","Sex_known","196418811","0","99","169693047","0","0","0","99.2"
"2021-10-05T00:00:00.000","Race_eth_NHAsian","7880318","6","0","7633014","44.9","43.5","6.3","0"
"2021-10-05T00:00:00.000","Ages_<18yrs","13246390","6.7","0","10850909","20","16.4","6.3","0"
"2021-10-05T00:00:00.000","Race_eth_NHMult_Oth","6015047","4.6","0","5252659","87.2","76.1","4.4","0"
"2021-10-05T00:00:00.000","Ages_18-24_yrs","17843290","9","0","14628029","64.3","52.7","8.5","0"
"2021-10-05T00:00:00.000","Ages_<12yrs","204068","0.1","0","125535","0.5","0.3","0.1","0"
"2021-10-05T00:00:00.000","Race_eth_known","130520325","0","65.8","120262137","0","0","0","70.3"
"2021-10-05T00:00:00.000","Race_eth_Hispanic","22648599","17.4","0","20133910","43.4","38.6","16.7","0"
"2021-10-05T00:00:00.000","Ages_40-49_yrs","28141122","14.2","0","24352239","75.9","65.7","14.2","0"
"2021-10-05T00:00:00.000","Ages_12-15_yrs","8336037","4.2","0","6771132","54.8","44.5","4","0"
"2021-10-05T00:00:00.000","Age_known","198350935","0","99","171096656","0","0","0","99"
"2021-10-05T00:00:00.000","Ages_16-17_yrs","4706285","2.4","0","3954242","62.3","52.3","2.3","0"
"2021-10-05T00:00:00.000","Sex_unknown","1954720","1","0","1408851","0","0","0.8","0"
"2021-10-05T00:00:00.000","Age_unknown","22596","0","0","5242","0","0","0","0"
"2021-10-04T00:00:00.000","Sex_Male","93176892","47.5","0","80244984","62.5","53.8","47.4","0"
"2021-10-04T00:00:00.000","Sex_Female","103025039","52.5","0","89200804","66.9","58","52.6","0"
"2021-10-04T00:00:00.000","Ages_16-17_yrs","4700419","2.4","0","3945147","62.2","52.2","2.3","0"
"2021-10-04T00:00:00.000","Age_known","198133190","0","99","170848468","0","0","0","99"
"2021-10-04T00:00:00.000","Race_eth_NHWhite","78352593","60.1","0","73440598","42.3","39.6","61.2","0"
"2021-10-04T00:00:00.000","Sex_known","196201931","0","99","169445788","0","0","0","99.2"
"2021-10-04T00:00:00.000","Race_eth_Hispanic","22606861","17.3","0","20081867","43.3","38.5","16.7","0"
"2021-10-04T00:00:00.000","Race_eth_NHBlack","13747643","10.5","0","12145604","36.5","32.3","10.1","0"
"2021-10-04T00:00:00.000","Ages_18-29_yrs","31086447","15.7","0","25605167","63","51.9","15","0"
"2021-10-04T00:00:00.000","Ages_25-39_yrs","41812156","21.1","0","35203094","67.4","56.7","20.6","0"
"2021-10-04T00:00:00.000","Race_eth_NHAIAN","1344154","1","0","1156392","57.4","49.4","1","0"
"2021-10-04T00:00:00.000","Race_eth_known","130349364","0","65.8","120060672","0","0","0","70.3"
"2021-10-04T00:00:00.000","Race_eth_unknown","67806416","52","0","50793033","0","0","42.3","0"
"2021-10-04T00:00:00.000","Ages_18-24_yrs","17818314","9","0","14596541","64.2","52.6","8.5","0"
"2021-10-04T00:00:00.000","Ages_<12yrs","204036","0.1","0","125518","0.5","0.3","0.1","0"
"2021-10-04T00:00:00.000","Ages_<18yrs","13225946","6.7","0","10819043","19.9","16.3","6.3","0"
"2021-10-04T00:00:00.000","Age_unknown","22590","0","0","5237","0","0","0","0"
"2021-10-04T00:00:00.000","Ages_50-64_yrs","48845042","24.6","0","43143592","83.2","73.5","25.3","0"
"2021-10-04T00:00:00.000","Ages_30-39_yrs","28544023","14.4","0","24194468","70.5","59.8","14.2","0"
"2021-10-04T00:00:00.000","Sex_unknown","1953849","1","0","1407917","0","0","0.8","0"
"2021-10-04T00:00:00.000","Race_eth_NHNHOPI","419587","0.3","0","371128","47","41.6","0.3","0"
"2021-10-04T00:00:00.000","US","198155780","0","0","170853705","0","0","0","0"
"2021-10-04T00:00:00.000","Ages_65-74_yrs","28733789","14.5","0","25461907","96.9","85.8","14.9","0"
"2021-10-04T00:00:00.000","Ages_40-49_yrs","28112292","14.2","0","24312526","75.9","65.6","14.2","0"
"2021-10-04T00:00:00.000","Race_eth_NHMult_Oth","6006538","4.6","0","5240890","87","76","4.4","0"
"2021-10-04T00:00:00.000","Ages_75+_yrs","19585651","9.9","0","17311765","91.4","80.7","10.1","0"
"2021-10-04T00:00:00.000","Race_eth_NHAsian","7871988","6","0","7624193","44.9","43.5","6.4","0"
"2021-10-04T00:00:00.000","Ages_12-15_yrs","8321491","4.2","0","6748378","54.7","44.3","3.9","0"
"2021-10-03T00:00:00.000","Ages_40-49_yrs","28079662","14.2","0","24269765","75.8","65.5","14.2","0"
"2021-10-03T00:00:00.000","Ages_12-15_yrs","8304917","4.2","0","6721827","54.6","44.2","3.9","0"
"2021-10-03T00:00:00.000","Ages_<12yrs","204019","0.1","0","125507","0.5","0.3","0.1","0"
"2021-10-03T00:00:00.000","Ages_25-39_yrs","41745035","21.1","0","35120448","67.3","56.6","20.6","0"
"2021-10-03T00:00:00.000","Sex_unknown","1953075","1","0","1407486","0","0","0.8","0"
"2021-10-03T00:00:00.000","Ages_65-74_yrs","28695286","14.5","0","25442283","96.7","85.8","14.9","0"
"2021-10-03T00:00:00.000","Ages_18-24_yrs","17791033","9","0","14561608","64.1","52.5","8.5","0"
"2021-10-03T00:00:00.000","Race_eth_unknown","67741360","52","0","50738020","0","0","42.3","0"
"2021-10-03T00:00:00.000","Sex_Female","102891171","52.5","0","89052871","66.9","57.9","52.6","0"
"2021-10-03T00:00:00.000","Age_known","197876303","0","99","170570439","0","0","0","99"
"2021-10-03T00:00:00.000","Sex_Male","93054642","47.5","0","80115318","62.4","53.7","47.4","0"
"2021-10-03T00:00:00.000","Ages_30-39_yrs","28500343","14.4","0","24140139","70.4","59.6","14.2","0"
"2021-10-03T00:00:00.000","Sex_known","195945813","0","99","169168189","0","0","0","99.2"
"2021-10-03T00:00:00.000","Race_eth_NHBlack","13721005","10.5","0","12112612","36.4","32.2","10.1","0"
"2021-10-03T00:00:00.000","Age_unknown","22585","0","0","5236","0","0","0","0"
"2021-10-03T00:00:00.000","Ages_18-29_yrs","31035725","15.7","0","25541917","62.9","51.8","15","0"
"2021-10-03T00:00:00.000","Race_eth_Hispanic","22563526","17.3","0","20024603","43.2","38.3","16.7","0"
"2021-10-03T00:00:00.000","US","197898888","0","0","170575675","0","0","0","0"
"2021-10-03T00:00:00.000","Ages_50-64_yrs","48802579","24.7","0","43093957","83.1","73.4","25.3","0"
"2021-10-03T00:00:00.000","Ages_<18yrs","13203132","6.7","0","10782187","19.9","16.3","6.3","0"
"2021-10-03T00:00:00.000","Ages_75+_yrs","19559576","9.9","0","17300191","91.2","80.7","10.1","0"
"2021-10-03T00:00:00.000","Race_eth_NHWhite","78248901","60.1","0","73330969","42.2","39.5","61.2","0"
"2021-10-03T00:00:00.000","Race_eth_known","130157528","0","65.8","119837655","0","0","0","70.3"
"2021-10-03T00:00:00.000","Race_eth_NHAsian","7864715","6","0","7616193","44.8","43.4","6.4","0"
"2021-10-03T00:00:00.000","Ages_16-17_yrs","4694196","2.4","0","3934853","62.1","52.1","2.3","0"
"2021-10-03T00:00:00.000","Race_eth_NHNHOPI","418975","0.3","0","370418","47","41.5","0.3","0"
"2021-10-03T00:00:00.000","Race_eth_NHAIAN","1342634","1","0","1154742","57.3","49.3","1","0"
"2021-10-03T00:00:00.000","Race_eth_NHMult_Oth","5997772","4.6","0","5228118","86.9","75.8","4.4","0"
"2021-10-02T00:00:00.000","Ages_25-39_yrs","41659975","21.1","0","35029547","67.1","56.5","20.6","0"
"2021-10-02T00:00:00.000","Race_eth_NHMult_Oth","5984369","4.6","0","5214459","86.7","75.6","4.4","0"
"2021-10-02T00:00:00.000","Race_eth_NHWhite","78113039","60.1","0","73209721","42.1","39.5","61.2","0"
"2021-10-02T00:00:00.000","Ages_16-17_yrs","4686886","2.4","0","3924389","62","51.9","2.3","0"
"2021-10-02T00:00:00.000","Ages_30-39_yrs","28445077","14.4","0","24080935","70.3","59.5","14.1","0"
"2021-10-02T00:00:00.000","Sex_Female","102718453","52.5","0","88892330","66.7","57.8","52.6","0"
"2021-10-02T00:00:00.000","Race_eth_known","129904629","0","65.8","119593816","0","0","0","70.2"
"2021-10-02T00:00:00.000","Race_eth_unknown","67662726","52.1","0","50678414","0","0","42.4","0"
"2021-10-02T00:00:00.000","Ages_18-24_yrs","17756861","9","0","14522259","64","52.3","8.5","0"
"2021-10-02T00:00:00.000","Ages_75+_yrs","19523323","9.9","0","17286471","91.1","80.6","10.2","0"
"2021-10-02T00:00:00.000","Race_eth_NHNHOPI","418254","0.3","0","369718","46.9","41.5","0.3","0"
"2021-10-02T00:00:00.000","US","197567355","0","0","170272230","0","0","0","0"
"2021-10-02T00:00:00.000","Ages_40-49_yrs","28038112","14.2","0","24224673","75.7","65.4","14.2","0"
"2021-10-02T00:00:00.000","Race_eth_NHAIAN","1340001","1","0","1152258","57.2","49.2","1","0"
"2021-10-02T00:00:00.000","Ages_12-15_yrs","8286711","4.2","0","6695291","54.4","44","3.9","0"
"2021-10-02T00:00:00.000","Sex_known","195617875","0","99","168866140","0","0","0","99.2"
"2021-10-02T00:00:00.000","Race_eth_Hispanic","22507707","17.3","0","19964277","43.1","38.2","16.7","0"
"2021-10-02T00:00:00.000","Age_unknown","22504","0","0","5230","0","0","0","0"
"2021-10-02T00:00:00.000","Ages_<18yrs","13177585","6.7","0","10745163","19.9","16.2","6.3","0"
"2021-10-02T00:00:00.000","Race_eth_NHBlack","13688564","10.5","0","12077937","36.4","32.1","10.1","0"
"2021-10-02T00:00:00.000","Race_eth_NHAsian","7852695","6","0","7605446","44.8","43.4","6.4","0"
"2021-10-02T00:00:00.000","Ages_65-74_yrs","28640806","14.5","0","25418699","96.6","85.7","14.9","0"
"2021-10-02T00:00:00.000","Ages_18-29_yrs","30971759","15.7","0","25470871","62.8","51.6","15","0"
"2021-10-02T00:00:00.000","Sex_Male","92899422","47.5","0","79973810","62.3","53.6","47.4","0"
"2021-10-02T00:00:00.000","Age_known","197544851","0","99","170267000","0","0","0","99"
"2021-10-02T00:00:00.000","Ages_<12yrs","203988","0.1","0","125483","0.5","0.3","0.1","0"
"2021-10-02T00:00:00.000","Ages_50-64_yrs","48748189","24.7","0","43040188","83","73.3","25.3","0"
"2021-10-02T00:00:00.000","Sex_unknown","1949480","1","0","1406090","0","0","0.8","0"
"2021-10-01T00:00:00.000","Race_eth_NHMult_Oth","5974416","4.6","0","5202856","86.6","75.4","4.4","0"
"2021-10-01T00:00:00.000","Ages_18-29_yrs","30924812","15.7","0","25418072","62.7","51.5","15","0"
"2021-10-01T00:00:00.000","Sex_known","195379775","0","99","168615900","0","0","0","99.2"
"2021-10-01T00:00:00.000","Ages_16-17_yrs","4680438","2.4","0","3915765","61.9","51.8","2.3","0"
"2021-10-01T00:00:00.000","US","197323950","0","0","170019143","0","0","0","0"
"2021-10-01T00:00:00.000","Race_eth_NHWhite","78021305","60.1","0","73110868","42.1","39.4","61.2","0"
"2021-10-01T00:00:00.000","Ages_<18yrs","13155129","6.7","0","10714695","19.8","16.2","6.3","0"
"2021-10-01T00:00:00.000","Race_eth_known","129722769","0","65.7","119397143","0","0","0","70.2"
"2021-10-01T00:00:00.000","Race_eth_NHNHOPI","417602","0.3","0","368920","46.8","41.4","0.3","0"
"2021-10-01T00:00:00.000","Ages_<12yrs","203896","0.1","0","125392","0.5","0.3","0.1","0"
"2021-10-01T00:00:00.000","Ages_75+_yrs","19501069","9.9","0","17274027","91","80.6","10.2","0"
"2021-10-01T00:00:00.000","Race_eth_NHAsian","7844098","6","0","7597325","44.7","43.3","6.4","0"
"2021-10-01T00:00:00.000","Ages_50-64_yrs","48704181","24.7","0","42990306","83","73.2","25.3","0"
"2021-10-01T00:00:00.000","Ages_18-24_yrs","17731017","9","0","14492449","63.9","52.2","8.5","0"
"2021-10-01T00:00:00.000","Ages_65-74_yrs","28607982","14.5","0","25397492","96.5","85.6","14.9","0"
"2021-10-01T00:00:00.000","Ages_25-39_yrs","41597288","21.1","0","34959218","67","56.3","20.6","0"
"2021-10-01T00:00:00.000","Sex_Female","102593808","52.5","0","88759808","66.7","57.7","52.6","0"
"2021-10-01T00:00:00.000","Race_eth_unknown","67601181","52.1","0","50622000","0","0","42.4","0"
"2021-10-01T00:00:00.000","Race_eth_Hispanic","22468493","17.3","0","19922513","43","38.2","16.7","0"
"2021-10-01T00:00:00.000","Race_eth_NHAIAN","1337411","1","0","1149452","57.1","49.1","1","0"
"2021-10-01T00:00:00.000","Age_known","197301476","0","99","170013922","0","0","0","99"
"2021-10-01T00:00:00.000","Ages_12-15_yrs","8270795","4.2","0","6673538","54.3","43.8","3.9","0"
"2021-10-01T00:00:00.000","Race_eth_NHBlack","13659444","10.5","0","12045209","36.3","32","10.1","0"
"2021-10-01T00:00:00.000","Age_unknown","22474","0","0","5221","0","0","0","0"
"2021-10-01T00:00:00.000","Sex_unknown","1944175","1","0","1403243","0","0","0.8","0"
"2021-10-01T00:00:00.000","Ages_40-49_yrs","28004810","14.2","0","24185735","75.6","65.3","14.2","0"
"2021-10-01T00:00:00.000","Ages_30-39_yrs","28403493","14.4","0","24033595","70.2","59.4","14.1","0"
"2021-10-01T00:00:00.000","Sex_Male","92785967","47.5","0","79856092","62.2","53.6","47.4","0"
"2021-09-30T00:00:00.000","Ages_16-17_yrs","4674105","2.4","0","3907855","61.8","51.7","2.3","0"
"2021-09-30T00:00:00.000","Sex_known","195138354","0","99","168390538","0","0","0","99.2"
"2021-09-30T00:00:00.000","Ages_30-39_yrs","28363780","14.4","0","23990792","70.1","59.3","14.1","0"
"2021-09-30T00:00:00.000","Race_eth_NHWhite","77923014","60.2","0","73021824","42","39.4","61.2","0"
"2021-09-30T00:00:00.000","Race_eth_NHAsian","7837984","6.1","0","7592135","44.7","43.3","6.4","0"
"2021-09-30T00:00:00.000","Ages_75+_yrs","19472262","9.9","0","17261134","90.8","80.5","10.2","0"
"2021-09-30T00:00:00.000","Ages_18-24_yrs","17704660","9","0","14461049","63.8","52.1","8.5","0"
"2021-09-30T00:00:00.000","Ages_<18yrs","13134962","6.7","0","10689770","19.8","16.1","6.3","0"
"2021-09-30T00:00:00.000","Race_eth_known","129543898","0","65.7","119221287","0","0","0","70.2"
"2021-09-30T00:00:00.000","Race_eth_NHBlack","13635872","10.5","0","12021213","36.2","31.9","10.1","0"
"2021-09-30T00:00:00.000","Race_eth_Hispanic","22430437","17.3","0","19879258","43","38.1","16.7","0"
"2021-09-30T00:00:00.000","Sex_unknown","1935824","1","0","1397227","0","0","0.8","0"
"2021-09-30T00:00:00.000","Ages_50-64_yrs","48661956","24.7","0","42947498","82.9","73.2","25.3","0"
"2021-09-30T00:00:00.000","Sex_Female","102471272","52.5","0","88645498","66.6","57.6","52.6","0"
"2021-09-30T00:00:00.000","Ages_<12yrs","203824","0.1","0","125354","0.5","0.3","0.1","0"
"2021-09-30T00:00:00.000","Ages_18-29_yrs","30877183","15.7","0","25363712","62.6","51.4","14.9","0"
"2021-09-30T00:00:00.000","Race_eth_NHMult_Oth","5964858","4.6","0","5192055","86.4","75.2","4.4","0"
"2021-09-30T00:00:00.000","Age_unknown","22458","0","0","5215","0","0","0","0"
"2021-09-30T00:00:00.000","Ages_12-15_yrs","8257033","4.2","0","6656561","54.2","43.7","3.9","0"
"2021-09-30T00:00:00.000","Ages_65-74_yrs","28568387","14.5","0","25377946","96.3","85.6","14.9","0"
